0.0,-2.040373146883212e-06,0.0,-5.9620269894367084e-06,-2.6924637495540082e-05,0.0,0.00063483510166406631,2.0770116293533647e-08,0.0,0.0,5.9850393085980613e-08,0.0,-0.01044303085654974,-0.00074390420923009515,0.0,-0.0029085015412420034,0.0,8.8513735363449086e-07,0.0,-5.9563403738138732e-06,-1.5892250303295441e-05,0.0,0.00034823227906599641,4.5009849181099071e-09,0.0,0.0,1.9302421883082843e-09,0.0,-0.0075334119610488415,-0.00089443731121718884,0.0,0.069378212094306946,0.0,-1.7076547464967007e-06,0.0,6.861124575152644e-07,-9.5269518851637258e-07,0.0,0.0017451485618948936,1.884165934384896e-09,0.0,0.0,7.8043527196314244e-08,0.0,0.0053742057643830776,0.00057720317272469401,0.0,0.014311466366052628,0.0,3.8315320125548169e-06,0.0,-9.7054480647784658e-06,8.856059139361605e-06,0.0,0.0021042320877313614,-2.2586601033935949e-08,0.0,0.0,6.3450585230384604e-08,0.0,0.021098455414175987,0.00019194500055164099,0.0,0.023983495309948921,0.0,2.2607196115131956e-06,0.0,1.130356304201996e-05,3.2036252378020436e-05,0.0,-0.00089292618213221431,-2.4703901146949647e-08,0.0,0.0,0.0,0.0,5.247839362709783e-05,0.00060415221378207207,0.0,0.07790442556142807,0.0,8.7378424291407802e-22,0.0,0.0,0.0,0.0,0.0,0.0,0.0,0.0,0.0,0.0,0.00051464885473251343,-0.0016716211102902889,0.0,7.1662839218333829e-08,0.0,0.0,0.0,0.0,0.0,0.0,0.0,0.0,0.0,0.0,0.0,0.0,-5.8431011765169849e-12,-5.4385335118759733e-30,0.0,0.0,0.0,1.7165075405500829e-06,0.0,-1.1945862864442408e-13,3.8825682398846186e-29,0.0,0.0,-1.8814347413353971e-08,0.0,0.0,0.0,0.0,-7.437137128363247e-08,0.0011767437681555748,0.0,0.059333346784114838,0.0,-2.2676042590319412e-06,0.0,-1.130356304201996e-05,-3.2195464882533997e-05,0.0,0.00089292618213221431,2.4703901146949647e-08,0.0,0.0,3.9815269303744572e-08,0.0,-0.016329213976860046,-0.0020203727763146162,0.0,-0.077904276549816132
0.0,0.0,0.0,1.4034243602314977e-12,9.7254307718230848e-08,0.0,0.0,0.0,4.3499163750201346e-31,0.0,-0.00011357045877957717,-2.0153618006882266e-37,0.0020467319991439581,-2.698926255106926e-05,-0.036879558116197586,5.4460122100863373e-07,0.0,0.0,0.0,-6.0131950417249835e-13,1.0319387229174026e-06,0.0,0.0,0.0,4.2252533183244697e-31,0.0,-0.00017066528380382806,0.0,0.00050347589422017336,0.002595219761133194,-0.96129691600799561,8.6339817073621816e-08,0.0,0.0,0.0,-5.5754256463383389e-13,-7.2248096394389449e-10,0.0,0.0,0.0,-2.1634002568550422e-31,0.0,0.00013634187052957714,8.0585888901973152e-38,-0.00042850495083257556,-0.00033668172545731068,0.0015970282256603241,-3.3080922889894282e-08,0.0,0.0,0.0,1.2651664926203315e-13,1.2803583615550451e-07,0.0,0.0,0.0,-4.0585179082196541e-31,0.0,2.8947017199243419e-05,0.0,-0.00047157477820292115,-0.0018611656269058585,-0.18603652715682983,-3.2647739089952665e-07,0.0,0.0,0.0,0.0,6.5526165826668148e-07,0.0,0.0,0.0,4.2015901468446767e-31,0.0,-9.583242985713383e-37,-2.6369473072081317e-37,0.0018617304740473628,7.9806934394355267e-09,-0.3013937771320343,4.2260118198296622e-35,0.0,0.0,0.0,-4.1662951978356857e-14,0.0,0.0,0.0,0.0,0.0,0.0,-6.9312906525453855e-09,0.0,-0.0014759001787751913,0.0046401647850871086,-2.3122384389896389e-18,3.0565556130568439e-07,0.0,0.0,0.0,0.0,0.0,0.0,0.0,0.0,-5.5019041302101587e-31,0.0,0.0,0.0,8.7806839133008907e-08,0.0023925036657601595,0.093026645481586456,0.0,0.0,0.0,0.0,0.0,0.0,0.0,0.0,0.0,4.2015901468446767e-31,0.0,-9.1013232506043096e-09,-2.0083176414638815e-37,1.4831804037385155e-05,0.0032753385603427887,1.6416015213849278e-09,4.0134949585990398e-07,0.0,0.0,0.0,-1.833834733372397e-12,-6.5526165826668148e-07,0.0,0.0,0.0,-5.516836199849784e-31,0.0,0.00018235003517474979,2.6369919245512358e-37,-0.001947411336004734,0.0024131764657795429,0.33667120337486267,-4.0134958112503227e-07
1.2031231566567158e-10,0.0,0.0,0.0046001938171684742,0.0,0.0013548347633332014,0.0,0.0,-1.619578524325715e-35,1.7338941046829426e-11,-0.00051027256995439529,-0.017944306135177612,1.3281511428431259e-06,-0.015236863866448402,3.3102873740753491e-12,-5.2468101785052568e-05,3.8875488939105196e-10,0.0,0.0,0.0024435087107121944,0.0,-0.00019908824469894171,0.0,0.0,-5.274010664349885e-36,-5.114200382627665e-11,0.00013839862367603928,-0.0037085080984979868,2.7390908030611172e-07,0.00037280182004906237,-6.7184609655115968e-13,-0.00014941084373276681,-3.202832443705006e-11,0.0,0.0,-0.0017900767270475626,0.0,-0.00093460676725953817,0.0,0.0,-4.8797772375413819e-35,-1.96008747427312e-11,0.00040428817737847567,0.0084170028567314148,-2.028109662433053e-07,0.0088307736441493034,-2.2677361290884823e-12,0.00010294492676621303,-1.8284117275779721e-10,0.0,0.0,-0.0013105610851198435,0.0,0.00089102750644087791,0.0,0.0,-1.104649363987314e-35,-1.7361340143295934e-10,0.00043596280738711357,0.00072935683419927955,1.4453534049607697e-06,0.0075715836137533188,-2.0651629278195527e-12,0.00012454227544367313,2.9063429440867594e-10,0.0,0.0,-0.0030038438271731138,0.0,0.0,0.0,0.0,-2.6975026827338329e-35,4.1359640867999913e-38,-7.1826510051514701e-29,4.0225715150501192e-34,1.6319849294177402e-07,-1.014249667667509e-23,0.0,-0.00023965333821251988,0.0,0.0,0.0,3.7276525631743161e-37,0.0,-0.001595789915882051,0.0,0.0,0.0,0.0,2.7120552279003609e-25,1.11279133440035e-15,4.2141789190208723e-12,-0.0030894249211996794,-3.505888288013459e-12,-1.4184373675618644e-09,0.0,0.0,0.0,0.0,0.0,0.0,0.0,0.0,0.0,0.0,0.0,0.0,4.5155019753256933e-32,0.0074320877902209759,0.0,0.0,0.0,0.0,0.0,0.0,0.0,0.0,0.0,0.0,-2.6975026827338329e-35,0.0,-0.00067747005959972739,-4.5866475062439349e-09,-9.7554702094271306e-09,0.0043428190983831882,0.0,9.0606538938331482e-10,-3.0147923046897063e-10,0.0,0.0,0.0031159324571490288,0.0,-0.0026539096143096685,0.0,0.0,3.5419160075962129e-35,-7.4987148435123885e-11,0.00088954204693436623,0.026610027998685837,-3.2212985843216302e-06,0.015457562170922756,-4.6033550235580201e-12,0.00024694684543646872
5.0319974422825072e-35,-0.0006269774166867137,0.0,-1.0902205804796949e-09,0.0,0.0,0.0,0.0,0.0,-5.3756361710773161e-32,-1.2832021713256836,0.0,-0.0032440719660371542,0.00091839878587052226,-2.4055131150890752e-11,-1.5160894761834243e-09,7.9903275703872354e-35,0.0017162611475214362,0.0,-1.0232603653292927e-09,0.0,0.0,0.0,0.0,0.0,-9.2781041773273582e-33,-2.1632792949676514,0.0,0.0032855821773409843,0.003848210908472538,-8.6532073173550828e-11,-1.4297697470411208e-09,-1.1590822714616339e-35,0.0001191252376884222,0.0,2.0467710859506383e-10,0.0,0.0,0.0,0.0,0.0,4.95209541783727e-33,0.23092308640480042,0.0,-0.0029612667858600616,-0.0014096660306677222,-1.7082531569845294e-11,2.822373446065285e-10,-6.4056195758611811e-37,8.8794338807929307e-05,0.0,1.8621137964913714e-10,0.0,0.0,0.0,0.0,0.0,-2.706706516514846e-32,2.540565013885498,0.0,0.026407204568386078,-0.0030737409833818674,1.1683071177159832e-11,2.6294516564107084e-10,0.0,0.0,0.0,0.0,0.0,0.0,0.0,0.0,0.0,0.0,-1.3698754508437531e-28,0.0,0.0033234269358217716,-1.3198225757738049e-32,0.0,0.0,8.5757748405914725e-35,-9.447702176146322e-09,0.0,0.0,0.0,0.0,0.0,0.0,0.0,0.0,0.0,0.0,-0.0051517635583877563,-2.093365925048829e-09,4.308325224355869e-11,0.0,0.0,6.260961527004838e-05,0.0,1.0418707997034149e-12,0.0,0.0,0.0,0.0,0.0,0.0,-0.32874700427055359,0.0,-0.0043788203038275242,0.0052455528639256954,-4.2976028985508563e-11,0.0,0.0,3.3881467076390948e-10,0.0,0.0,0.0,0.0,0.0,0.0,0.0,0.0,0.0,0.0,0.0033349243458360434,6.3410356880653357e-14,0.0,0.0,1.1260294567041895e-34,7.8151126217562705e-05,0.0,-2.9928759470720934e-09,0.0,0.0,0.0,0.0,0.0,-2.0241756463391312e-31,0.43165639042854309,0.0,-0.011143384501338005,0.0052656838670372963,5.6710615370381134e-11,-4.1642254089424569e-09
1.6867311185809705e-15,-3.8396956725250675e-09,0.0,-0.0092950537800788879,0.0,0.0,0.0,0.0,-8.345075021536225e-22,8.4542482057520361e-26,2.1504061805899255e-05,0.0,-0.12520784139633179,-1.5069648725329898e-05,1.5984709023086907e-07,-0.012363857589662075,-2.3592427738115341e-15,-3.4396074877207639e-10,0.0,-0.0054154731333255768,0.0,0.0,0.0,0.0,-1.3521942476037084e-20,2.1445563347743844e-25,1.3772006241197232e-05,0.0,-0.20390410721302032,-1.1523271496116649e-05,6.4780596176206018e-07,0.0020017162896692753,5.0430613732308643e-15,-4.1444256915212918e-09,0.0,-0.021308645606040955,0.0,0.0,0.0,0.0,-1.4066115843584738e-20,-2.228297478982132e-27,-1.602687370905187e-05,0.0,0.08762437105178833,5.2586187848646659e-06,-1.0474654033032493e-07,0.004496430978178978,1.6518307141761331e-15,4.1967394004416292e-09,0.0,0.016708251088857651,0.0,0.0,0.0,0.0,1.7358740583594742e-21,4.2193186939974055e-25,-2.095504169119522e-05,0.0,-0.042641431093215942,-3.0641331250080839e-06,-2.2405237132261391e-07,0.0055134817957878113,0.0,3.1704945335775392e-09,0.0,-0.047321110963821411,0.0,0.0,0.0,0.0,-5.776431630830805e-21,0.0,-4.0769613406155258e-05,0.0,0.059323683381080627,1.2950806194567122e-05,0.0,0.00022660891409032047,0.0,0.0,0.0,1.6886239725202878e-16,0.0,0.0,0.0,0.0,0.0,-1.7056056541611156e-25,0.0,0.0,-0.17814008891582489,-2.4348085503334005e-07,0.0,-2.1896717078417893e-11,0.0,0.0,0.0,0.0,0.0,0.0,0.0,0.0,2.2166302287823631e-22,0.0,0.0,0.0,-0.0046849241480231285,0.0,-1.1764588531206868e-34,2.8749398695016026e-11,0.0,2.5047313112480651e-09,0.0,-0.047321110963821411,0.0,0.0,0.0,0.0,-1.6881726870280418e-22,0.0,3.1050283723743632e-05,0.0,0.0004169510502833873,1.1451043974375352e-05,0.0,0.0094440244138240814,4.0157963319433203e-15,-3.2888005652154106e-09,0.0,-0.016989145427942276,0.0,0.0,0.0,0.0,7.5846589511880938e-21,2.2395203966210213e-25,4.0770115447230637e-05,0.0,-0.27687156200408936,-1.7184835087391548e-05,-6.2478540030497243e-07,-0.012697882018983364
-7.4114504088068503e-16,-0.0002000093663809821,0.0,-0.040124725550413132,3.1044961740223087e-11,0.0,0.0,0.0,0.0,0.0,2.9345931410898333e-32,1.4474784926221673e-08,-5.9290610806783661e-05,0.00033496666583232582,1.3120027210183645e-20,0.0032769113313406706,9.5091476197146224e-16,-0.022206300869584084,0.0,0.20198230445384979,4.5595736387904484e-12,0.0,0.0,0.0,0.0,0.0,7.4783587025866977e-32,2.9050224839011207e-06,-0.00010946356633212417,0.00062456977320834994,3.2908165748897519e-20,-0.0084306634962558746,2.6537491944895986e-16,-0.00020752623095177114,0.0,-0.074395976960659027,1.2441866981127703e-11,0.0,0.0,0.0,0.0,0.0,-1.5266747574983844e-32,-4.6082778482059439e-08,3.5861259675584733e-05,-1.4020975868334062e-05,-5.4184130790955795e-21,-0.00011473862105049193,-1.2565844945591873e-15,0.004337935708463192,0.0,0.18852429091930389,-1.4257381386606482e-10,0.0,0.0,0.0,0.0,0.0,-2.0341311430951153e-31,-4.81097799820418e-07,-1.6430081814178266e-05,0.00027934342506341636,-6.1254626713401858e-21,-0.017866099253296852,4.0540551161049026e-15,-2.0335293472317126e-20,0.0,-0.37105420231819153,5.2725179777723952e-10,0.0,0.0,0.0,0.0,0.0,0.0,0.0,4.8345384584536077e-08,-0.0014298130990937352,0.0,0.021448571234941483,0.0,2.0194998017614152e-12,0.0,1.4406738275506996e-32,0.0,0.0,0.0,0.0,0.0,0.0,0.0,3.3553158118593274e-07,-0.00014347811520565301,9.6096897106434653e-10,0.0,-4.9230630626262949e-15,0.0,2.0321664379255608e-20,0.0,0.0,0.0,0.0,0.0,0.0,0.0,0.0,0.0,0.0,-1.6158752558226297e-08,3.0652465037134276e-38,-1.9014268262611468e-20,0.0,0.0,-6.2107055609494921e-11,0.0,-0.28259271383285522,4.0157768776971636e-10,0.0,0.0,0.0,0.0,0.0,0.0,3.3553189382473647e-07,1.2402174398573607e-08,-0.0010889363475143909,0.0,0.00014184006431605667,-4.0544231519204846e-15,-0.0031160577200353146,0.0,0.37105420231819153,-5.2725823707078234e-10,0.0,0.0,0.0,0.0,0.0,-4.2807428230286235e-32,4.4056523051949625e-07,-0.00018844050646293908,0.0014298130990937352,-1.9014268262611468e-20,-0.021448571234941483
-1.8315544400359878e-31,0.0070008467882871628,0.0,-1.440682249060738e-19,0.019853800535202026,0.0,0.0,0.0,2.8237941478437278e-06,2.0102135067645577e-08,0.00038532714825123549,4.5982741608378039e-25,0.00041814567521214485,-1.3953148481959943e-05,0.11377634853124619,0.35684248805046082,-3.9856886981014643e-30,0.0099581405520439148,0.0,-8.2574034893490507e-20,0.13021036982536316,0.0,0.0,0.0,3.5007169572054408e-06,-8.4124343047164984e-09,0.00043175250175409019,8.5212025285636366e-25,-0.021683540195226669,1.2504021469794679e-05,0.12267819046974182,-0.85195630788803101,-1.792113548280588e-30,-0.0080444859340786934,0.0,-8.5361859739992955e-20,0.038902733474969864,0.0,0.0,0.0,-1.7846374475993798e-06,1.1544764255688733e-08,-0.0001483085798099637,-2.5640121670078624e-25,0.021571502089500427,-2.2840770270704525e-06,-0.028958065435290337,0.069307886064052582,5.6502820801370527e-31,0.024718824774026871,0.0,1.0924199533772773e-19,-0.01405816338956356,0.0,0.0,0.0,7.8496231026292662e-07,9.674145928784128e-09,-0.0005087563768029213,2.2116792766044758e-25,-0.051291432231664658,1.8069258658215404e-05,0.024745607748627663,-0.49250409007072449,-4.6796023855387622e-30,8.4466866654027677e-17,0.0,-9.4588859140217376e-20,0.12913240492343903,0.0,0.0,0.0,2.4532723728043493e-06,0.0,2.2835469231955258e-30,6.3762818386586533e-25,-0.0015376787632703781,-9.8384552984498441e-06,0.045758724212646484,-0.2861669659614563,0.0,0.0,0.0,0.0,0.0,0.0,0.0,0.0,0.0,-8.0796338508548615e-09,0.0,0.0,-5.4212831191518418e-23,1.3663268294550335e-09,0.0,0.0,0.0,0.0,0.0,0.0,-0.16955190896987915,0.0,0.0,0.0,-2.4532723728043493e-06,-8.0796338508548615e-09,0.0,-6.3750719232452705e-25,0.0015649315901100636,7.7725717346766032e-06,-0.060082819312810898,-5.7856225473202402e-16,0.0,0.0,0.0,0.0,0.0,0.0,0.0,0.0,2.4411403956037248e-06,-8.0796338508548615e-09,0.0,4.8552174975438e-25,-4.0382690258411458e-07,-1.1113080099382926e-31,0.060082718729972839,-0.30774304270744324,6.1444827568329224e-30,-0.0090588964521884918,0.0,1.2419850648724045e-19,-0.16955402493476868,0.0,0.0,0.0,-2.4532723728043493e-06,1.0608843581394467e-08,-0.00068265217123553157,-6.3763276911987692e-25,0.017853429540991783,-1.3075427887088154e-05,-0.093214944005012512,0.37574750185012817
-2.29145316003182e-13,0.00091415294446051121,0.0,1.2975158447670054e-10,-1.0402992245417408e-08,0.0,0.0,0.0,0.0,0.0,0.53843981027603149,9.2532182272364811e-33,-0.03871990367770195,-2.1732454115408473e-05,0.0,-0.00020137021783739328,1.3162135769316519e-13,0.0045892191119492054,0.0,1.3404594101373846e-10,-3.3147160571900258e-09,0.0,0.0,0.0,0.0,0.0,0.32107445597648621,-5.8557085782319168e-33,-0.025367669761180878,-7.266011834872188e-06,0.0,-3.4795477404259145e-05,7.9974004849048264e-14,-0.00028185176779516041,0.0,-5.2707713193989036e-11,4.5446584273634016e-09,0.0,0.0,0.0,0.0,0.0,-0.22191973030567169,1.5594347564982446e-32,0.049356251955032349,5.048973616794683e-05,0.0,0.00025181466480717063,1.9845187776076911e-13,-0.00091320538194850087,0.0,-1.6886851639252853e-10,6.6268581733197607e-09,0.0,0.0,0.0,0.0,0.0,-0.1925005316734314,-6.1049941958428608e-34,0.15017369389533997,3.9896462112665176e-05,0.0,0.00051420880481600761,6.497969646933447e-20,-2.9431720825331267e-33,0.0,1.3879157629738327e-24,1.3616950234052183e-08,0.0,0.0,0.0,0.0,0.0,-0.70990598201751709,0.0,0.093008600175380707,2.1564887653369169e-09,0.0,0.00032885483233258128,0.0,8.5317926109708733e-19,0.0,1.6716051328485078e-24,0.0,0.0,0.0,0.0,0.0,0.0,0.0,0.0,-2.3660848000872647e-06,-5.1461404382280307e-07,0.0,0.0,0.0,2.604265581959753e-27,0.0,0.0,0.0,0.0,0.0,0.0,0.0,0.0,0.0,0.0,0.0,-8.2444057677394577e-21,0.0,0.0,0.0,2.1702604859674793e-33,0.0,1.0570800224910107e-24,0.0,0.0,0.0,0.0,0.0,0.0,0.54102236032485962,0.0,-0.073472373187541962,-5.1461262273733155e-07,0.0,-1.4544789857830266e-17,-2.7254460082011545e-13,0.00063262530602514744,0.0,2.7519045375790085e-10,-1.3684624100562814e-08,0.0,0.0,0.0,0.0,0.0,0.71038240194320679,1.6045615438159307e-32,-0.10249976813793182,0.00017876405036076903,0.0,-0.00033054983941838145
-3.6667196923190204e-07,0.0,0.0,3.5713116908198117e-09,-0.0006539236637763679,0.0,0.0,0.0,2.5505776310441597e-11,6.5629514124776175e-35,0.0,0.0,-0.0011572764487937093,0.00019245303701609373,0.0,-0.00043017926509492099,-1.5625631988314126e-07,0.0,0.0,-6.5280620908936271e-09,0.00093300658045336604,0.0,0.0,0.0,5.8580926567963765e-12,1.1441573531668887e-35,0.0,0.0,-0.030087010934948921,0.00093577493680641055,0.0,-0.00080962904030457139,1.378086125214395e-07,0.0,0.0,-1.692495588123677e-10,0.00011283961066510528,0.0,0.0,0.0,-3.3972502588852649e-10,-2.5894257920943755e-35,0.0,0.0,0.0080288713797926903,-0.00016247510211542249,0.0,-0.0036390842869877815,9.3698709235923161e-08,0.0,0.0,7.3940422673501871e-09,0.00065599975641816854,0.0,0.0,0.0,1.8061233064692317e-10,-1.4541241071234093e-35,0.0,0.0,-0.0047215963713824749,0.00097173452377319336,0.0,0.021425174549221992,3.4968832096637925e-07,0.0,0.0,1.3294793044238418e-10,0.0,0.0,0.0,0.0,-1.2998530030117195e-10,0.0,0.0,0.0,-0.0055651240982115269,-3.0294002044684021e-06,0.0,0.040862720459699631,0.0,0.0,0.0,0.0,0.0,0.0,0.0,0.0,0.0,2.972020415011379e-37,0.0,0.0,-0.070874743163585663,0.00063543254509568214,0.0,-3.0433118952667004e-33,0.0,0.0,0.0,-3.6553327031896288e-09,0.0,0.0,0.0,0.0,0.0,0.0,0.0,0.0,0.0043167183175683022,1.562238417024744e-28,0.0,3.85223090417895e-33,2.7625827669908176e-07,0.0,0.0,-4.5256656200365342e-09,0.0,0.0,0.0,0.0,-9.8996047470656379e-11,-5.5296402206382379e-35,0.0,0.0,-0.0043167183175683022,-1.3754957763012499e-05,0.0,-0.031275473535060883,-3.6273684145271545e-07,0.0,0.0,-4.9325286077817054e-09,-0.0010755081893876195,0.0,0.0,0.0,1.2998530030117195e-10,7.3256021601809105e-35,0.0,0.0,-0.093433015048503876,0.0018154679564759135,0.0,-0.041065800935029984
0.0,4.748435683034637e-18,0.0,0.036368913948535919,-5.7947229237242937e-08,0.0,0.0,-3.1784685994296069e-09,0.0,-2.2586675858825024e-19,4.8176141491953592e-29,0.0,-0.24029667675495148,-0.00080220075324177742,0.0,-0.034036826342344284,0.0,-6.5840694034786256e-18,0.0,0.053110014647245407,3.7870844238341306e-08,0.0,0.0,-3.3015818967641053e-09,0.0,-4.9481546162252324e-19,4.0795938824609709e-29,0.0,-0.26536485552787781,-0.0041315541602671146,0.0,0.014539307914674282,0.0,2.5891919497573466e-18,0.0,-0.023175045847892761,1.6614253084412667e-08,0.0,0.0,-1.3316325819801023e-09,0.0,1.3101695627651506e-19,-1.1200224526725203e-29,0.0,0.13214856386184692,0.0015473015373572707,0.0,0.058151103556156158,0.0,-3.2647247134304152e-17,0.0,0.034019999206066132,3.921399382988966e-08,0.0,0.0,5.4261208859429644e-09,0.0,-7.3320632922089159e-19,-2.4526567378494543e-29,0.0,0.29104816913604736,-0.0029131884220987558,0.0,0.027923528105020523,0.0,-1.3628912322554402e-17,0.0,-0.095772907137870789,1.3159652212380024e-07,0.0,0.0,1.7240420516987515e-14,0.0,6.8358841890283886e-27,0.0,0.0,0.036248765885829926,0.00034051912371069193,0.0,0.10059478133916855,0.0,0.0,0.0,1.6896777879082947e-06,0.0,0.0,0.0,0.0,0.0,0.0,4.3066568099324727e-29,0.0,-0.38014602661132812,0.00013571606541518122,0.0,0.0,0.0,0.0,0.0,0.0,0.0,0.0,0.0,0.0,0.0,0.0,0.0,0.0,3.0239968862311173e-10,0.0,0.0,5.6341950366403101e-22,0.0,-1.0379700554331807e-17,0.0,-4.7113151054045677e-12,0.0,0.0,0.0,-4.8371948578250947e-38,0.0,0.0,4.3066568099324727e-29,0.0,-1.2486046216508839e-05,0.0003792172356043011,0.0,0.079079076647758484,0.0,1.3628912322554402e-17,0.0,0.09577295184135437,-1.3650701191636472e-07,0.0,0.0,-1.8766275644566122e-08,0.0,-6.2810315792746707e-19,5.6547921228227396e-29,0.0,-0.50111734867095947,-0.0069397706538438797,0.0,-0.10096293687820435
0.0,0.0,2.5153954767258658e-35,0.0,-0.058435630053281784,0.0,0.0,0.0,0.13494834303855896,2.998017937958648e-31,-1.5832322119990749e-08,0.0,0.0,-5.32349886395167e-10,-0.056876827031373978,3.3624303341639461e-07,0.0,0.0,-1.2291414334354204e-34,0.0,0.061401486396789551,0.0,0.0,0.0,0.48529490828514099,2.4579699723151711e-31,-3.828584382858935e-08,0.0,0.0,-6.8561789579035803e-10,0.018073746934533119,1.0344280781282578e-05,0.0,0.0,-2.4985640391815845e-36,0.0,0.035517133772373199,0.0,0.0,0.0,-0.014219389297068119,-1.5237524197675227e-31,1.6647517142587276e-08,0.0,0.0,3.9950456831583381e-10,-0.016527010127902031,-2.9056272978777997e-06,0.0,0.0,-1.832181428748496e-35,0.0,0.061473798006772995,0.0,0.0,0.0,-0.067797169089317322,2.2936901699092233e-31,-1.0885951695627227e-07,0.0,0.0,-1.058848061313844e-11,-0.096021272242069244,5.7463826124148909e-06,0.0,0.0,0.0,0.0,0.11313328146934509,0.0,0.0,0.0,0.18055292963981628,0.0,0.0,0.0,0.0,0.0,-0.13030855357646942,1.1088530300185084e-05,0.0,0.0,0.0,0.0,0.0,0.0,0.0,0.0,0.0,0.0,0.0,0.0,0.0,-7.7195394521112348e-10,2.9268055134005379e-36,0.0,0.0,0.0,-2.373297839548755e-35,0.0,6.8246558578011207e-13,0.0,0.0,0.0,-0.1814502477645874,0.0,0.0,0.0,0.0,0.0,0.0066049778833985329,-1.4559452210960444e-05,0.0,0.0,0.0,0.0,0.0036101134028285742,0.0,0.0,0.0,0.0,0.0,0.0,0.0,0.0,0.0,0.0,-3.5411496108464789e-28,0.0,0.0,3.1162254795224919e-35,0.0,-0.11313346028327942,0.0,0.0,0.0,-0.1814502477645874,4.2303126460104088e-31,-1.3688675437606435e-07,0.0,0.0,-1.0135973171898627e-09,-0.15798039734363556,-1.4559631381416693e-05
0.0,0.0,0.0,-0.16505128145217896,-4.0249492485600058e-06,0.0,0.0,-4.00177739834362e-08,0.0,7.3281598062187629e-17,7.0661400286553544e-07,0.0,-0.071266248822212219,-0.0024638997856527567,-0.2095557302236557,-0.072311095893383026,0.0,0.0,0.0,-0.22675158083438873,9.4158149295253679e-06,0.0,0.0,2.19833040659978e-08,0.0,-1.0891667781731497e-16,2.2341298517858377e-06,0.0,0.04738926887512207,-0.004185930360108614,1.8050426244735718,0.097376488149166107,0.0,0.0,0.0,0.071419082581996918,3.3654662274784641e-06,0.0,0.0,1.8566074899695195e-08,0.0,1.7082942282251253e-17,1.040297320287209e-06,0.0,-0.046786759048700333,0.00075570191256701946,0.1287992000579834,0.017921211197972298,0.0,0.0,0.0,-0.06725756824016571,4.6879172259650659e-06,0.0,0.0,-1.8689336300781179e-08,0.0,-4.8643386919096279e-16,-1.0574570296739694e-05,0.0,0.049202840775251389,-0.0024217129684984684,-0.23285937309265137,0.29037106037139893,0.0,0.0,0.0,0.32131487131118774,1.1779411579482257e-05,0.0,0.0,-2.3018180694833745e-09,0.0,0.0,-1.6589598323239673e-18,0.0,-0.012503189966082573,0.0070412852801382542,0.36298808455467224,-0.39333173632621765,0.0,0.0,0.0,-8.852205773957067e-11,0.0,0.0,0.0,-7.7901894712795183e-08,0.0,0.0,0.0,0.0,0.24787576496601105,-0.0044259983114898205,0.0,0.0,0.0,0.0,0.0,0.0,0.0,0.0,0.0,7.7901894712795183e-08,0.0,0.0,2.2654717213299591e-06,0.0,0.22310054302215576,-1.6284250392573085e-08,0.0,0.0,0.0,0.0,0.0,1.2004076621607851e-09,8.9712420958676375e-06,0.0,0.0,0.0,0.0,7.5215339870055714e-16,1.7339447140329867e-06,0.0,0.0090360250324010849,0.0049205501563847065,0.0,3.9683475255847256e-11,0.0,0.0,0.0,-0.33493727445602417,-1.1779558008129243e-05,0.0,0.0,1.0458975197025211e-07,0.0,-7.5589146097590878e-16,2.2767305836168816e-06,0.0,0.30638515949249268,-0.0064788726158440113,-0.37653288245201111,0.39451134204864502
0.0,0.0,5.2408019559212096e-17,2.3117018022045244e-10,-6.2203554307416198e-08,0.0,0.0,0.0,0.0,-1.8704309843525595e-22,-7.4219229459159778e-38,0.0,8.4769044406129979e-06,0.00083994469605386257,4.3678542169800494e-06,0.0046362592838704586,0.0,0.0,2.0169684859384348e-16,3.0159409691865591e-11,-2.4894418970689003e-07,0.0,0.0,0.0,0.0,5.2664571127075865e-22,-2.7502441377627661e-38,0.0,1.8632379124028375e-06,0.0010132445022463799,8.0394602264277637e-05,0.048700064420700073,0.0,0.0,-4.5449696837077222e-17,-6.4586758163898139e-10,-3.0356197555647668e-09,0.0,0.0,0.0,0.0,-1.6218021966225213e-21,4.4134178196199907e-38,0.0,-3.8083194340288173e-06,-0.0039500207640230656,-4.7644021833548322e-05,-0.1482420414686203,0.0,0.0,6.4296272557714011e-17,7.1364286702291224e-10,2.1237577030319699e-08,0.0,0.0,0.0,0.0,-3.1076287040693609e-21,-3.4381407131207402e-38,0.0,-1.1294395108052413e-06,-0.0077802678570151329,7.8191100328695029e-05,0.37414062023162842,0.0,0.0,5.0557046105180557e-16,0.0,-2.0848131043749163e-07,0.0,0.0,0.0,0.0,1.6822829126701424e-21,0.0,0.0,3.0120295946289843e-07,0.0035191713832318783,9.6051866421476007e-05,-0.50609654188156128,0.0,0.0,0.0,0.0,0.0,0.0,0.0,0.0,0.0,-1.281216839803956e-21,0.0,0.0,6.5108633751650107e-33,-0.0028032597620040178,0.0,-3.4293996323092863e-30,0.0,0.0,0.0,0.0,0.0,0.0,0.0,0.0,0.0,0.0,0.0,0.0,-1.8220194797358147e-10,-2.4143207411945618e-28,0.0,7.2403173542832281e-22,0.0,0.0,0.0,-2.574376267716616e-09,-1.5877840553457645e-07,0.0,0.0,0.0,0.0,1.6217670576023591e-21,0.0,0.0,-1.3970552492637012e-10,-0.0025993299204856157,0.0,-0.38544094562530518,0.0,0.0,-5.0557046105180557e-16,2.6704383149223077e-09,2.0848165149800479e-07,0.0,0.0,0.0,0.0,-1.6822828116959465e-21,1.4398979591998456e-37,0.0,-1.6151641830219887e-05,0.0045432355254888535,-9.6051866421476007e-05,0.5060502290725708
0.0,2.9597276807180606e-06,0.0,0.028428386896848679,-0.00073071179213002324,0.00029586930759251118,0.0,0.0,0.0,9.1713976365682959e-14,0.0,0.0,-7.7601771408808418e-07,0.0044704023748636246,0.0,-0.042838845402002335,0.0,-2.7332016543368809e-06,0.0,0.029996460303664207,0.0011716069420799613,0.0011871099704876542,0.0,0.0,0.0,1.3975889130886376e-13,0.0,0.0,-1.6766055068728747e-06,0.0043532894924283028,0.0,-0.2323746532201767,0.0,1.8792543698964437e-07,0.0,-0.013146169483661652,0.00034339359262958169,0.00074462551856413484,0.0,0.0,0.0,5.729739463921843e-14,0.0,0.0,1.2236165503054508e-07,-0.0022433451376855373,0.0,0.023334082216024399,0.0,-4.5892153138993308e-05,0.0,0.0083770062774419785,0.00087255396647378802,0.0017080031102523208,0.0,0.0,0.0,4.2688888448466633e-13,0.0,0.0,-3.4846825656131841e-06,0.0014591451035812497,0.0,0.52883142232894897,0.0,-2.0446655980776995e-05,0.0,-0.037697989493608475,0.00094264617655426264,0.0,0.0,0.0,0.0,-2.1157093442379125e-37,0.0,0.0,6.9782644940286076e-11,0.00040265859570354223,0.0,-0.029127802699804306,0.0,0.0,0.0,1.1673106058152083e-13,0.0,0.00050677277613431215,0.0,0.0,0.0,1.2210668250946409e-25,0.0,0.0,-1.1241938864259282e-06,0.00021019285486545414,0.0,0.0,0.0,0.0,0.0,0.0,0.0,0.0,0.0,0.0,0.0,0.0,0.0,0.0,0.0,0.0,0.0,0.0,0.0,-1.5572053598589264e-05,0.0,-0.025588396936655045,0.0,0.0,0.0,0.0,0.0,0.0,0.0,0.0,-3.3487092011282337e-20,-0.00024566325009800494,0.0,-0.40749627351760864,0.0,2.0446655980776995e-05,0.0,0.049498789012432098,-0.0012384883593767881,0.0006654105382040143,0.0,0.0,0.0,2.0021844967556268e-13,0.0,0.0,-1.4761795910089859e-06,0.0070999837480485439,0.0,-0.50565946102142334
4.6267006258534521e-29,-7.0809551289130468e-06,0.0,-4.2130514543714526e-07,0.13045558333396912,0.0,1.3966008737043012e-05,0.0,0.0,0.0,-5.7618208870735543e-08,0.0,0.0050583416596055031,-0.0053692851215600967,0.00087886897381395102,-1.2055940032951185e-06,7.3640249498505784e-31,-7.6401584010454826e-06,0.0,3.88705387877053e-08,-0.10642460733652115,0.0,3.3753807656466961e-05,0.0,0.0,0.0,-1.2784987291070138e-07,0.0,0.0073150983080267906,-0.0035600459668785334,-0.0019665935542434454,-3.4585734738357132e-06,-9.3405405538938122e-30,1.9469403014227282e-06,0.0,1.0341967282556652e-07,0.02408304437994957,0.0,-6.3053853409655858e-06,0.0,0.0,0.0,-5.1825787750203745e-07,0.0,-0.018708562478423119,0.0017431236337870359,-5.3536979976342991e-05,1.9378237539058318e-06,-4.5881955686606288e-30,1.3909448171034455e-05,0.0,-1.9991428246157739e-07,0.021948635578155518,0.0,1.238448476215126e-05,0.0,0.0,0.0,-3.4393137866572943e-06,0.0,-0.071250274777412415,0.00065910385455936193,-0.0002427049184916541,1.2868610610894393e-05,-5.2364253702690385e-29,7.4728313848027028e-06,0.0,0.0,-0.52186673879623413,0.0,-6.5718471887521446e-05,0.0,0.0,0.0,0.0,0.0,-0.091766826808452606,0.0053678550757467747,0.0,-3.8371753691146537e-12,0.0,-3.183440071552468e-07,0.0,0.0,0.0,0.0,0.0,0.0,0.0,0.0,-2.3994918026114104e-33,0.0,-2.3499424628425913e-10,-1.7606069380171618e-11,0.0,0.0,0.0,0.0,0.0,0.0,0.0,0.0,0.0,0.0,0.0,0.0,0.0,0.0,0.0,0.0,0.0,0.0,0.0,-5.691264959750697e-06,0.0,0.0,-0.41228142380714417,0.0,8.5863946878816932e-05,0.0,0.0,0.0,0.0,0.0,0.069909282028675079,0.0053678550757467747,0.0,4.4143143221981544e-15,6.8756114293268578e-29,-7.8908278737799264e-06,0.0,-4.2239466324645036e-07,0.54134005308151245,0.0,-8.6290674516931176e-05,0.0,0.0,0.0,-4.5321075958781876e-06,0.0,0.091764427721500397,-0.0070668160915374756,0.0012284378753975034,-3.0468179829767905e-05
-1.597319942980846e-09,0.0,-3.3360970595829833e-22,-9.4837983887953971e-22,0.06703069806098938,0.0,0.0,0.0,-0.01852777972817421,-1.885090720287126e-28,0.0,2.8958405768816919e-13,-0.0035044634714722633,-0.00011272448318777606,-0.0003542453923728317,4.1545122257957701e-06,3.2229436897068808e-08,0.0,-5.7863319487872991e-20,-1.4708352724830581e-21,-0.30552637577056885,0.0,0.0,0.0,0.11468016356229782,-3.3321532303301662e-28,0.0,-4.6687572427886459e-13,-0.0023801357019692659,0.0022002309560775757,0.016574578359723091,3.9304673009610269e-06,1.3443328672479993e-09,0.0,2.1486044683839737e-21,3.3874863619572112e-22,-0.10893790423870087,0.0,0.0,0.0,0.1055184081196785,-2.0217100516402588e-28,0.0,1.1248556339854554e-12,0.00092185568064451218,9.2710084572900087e-05,-0.00077995355241000652,-1.3017848914387287e-06,2.7777851130394993e-08,0.0,-4.7981777885049041e-20,1.9272566112145913e-22,-0.17948472499847412,0.0,0.0,0.0,0.049375668168067932,-1.0970754668305704e-27,0.0,-4.3999255194132614e-14,0.0053272233344614506,0.001899768365547061,-0.0020683677867054939,-3.3964231533900602e-06,-6.9119032275466452e-08,0.0,-6.1961883100799602e-20,9.5143440927875133e-22,-0.00037055474240332842,0.0,0.0,0.0,-0.09315955638885498,0.0,0.0,0.0,0.0018029931234195828,-0.0047188107855618,0.0,-7.17637294656015e-06,2.1319818740289653e-12,0.0,0.0,-8.1767967041815896e-25,0.0,0.0,0.0,0.0,0.0,0.0,0.0,0.0,4.9422817482991377e-07,1.0650045823012988e-07,0.0,1.0376056327425143e-16,0.0,0.0,0.0,0.0,0.0,0.0,0.0,0.0,0.0,0.0,0.0,0.0,0.0,7.9928146515800045e-30,0.0,-1.1132229166266328e-10,-5.2675979134164663e-08,0.0,0.0,0.0,-0.0002927430032286793,0.0,0.0,0.0,0.0,0.0,0.0,0.0,-0.0013733445666730404,-0.0035943223629146814,0.0,5.4653637562296353e-06,6.9165416505256871e-08,0.0,6.4273975697507491e-20,-2.4437179136287805e-21,0.12613879144191742,0.0,0.0,0.0,-0.12232177704572678,-5.6653020428998823e-28,0.0,1.3961454605262991e-12,-0.0060805566608905792,0.004719472024589777,-0.012482601217925549,7.176348844950553e-06
0.0,0.0,0.0,0.035005759447813034,0.022450098767876625,0.0,0.0,0.0,9.0572091756846069e-29,0.0,-0.020783189684152603,0.0,0.0084000770002603531,6.1423777175662053e-10,5.1903346529567906e-14,0.1080005094408989,0.0,0.0,0.0,0.074457727372646332,1.1561113595962524,0.0,0.0,0.0,2.7718405056796433e-29,0.0,-0.0086916591972112656,0.0,-0.00017867742280941457,-9.7013963529235525e-10,1.2573918143667095e-13,0.29375326633453369,0.0,0.0,0.0,-0.03038477897644043,0.0064996378496289253,0.0,0.0,0.0,1.2575387783740876e-30,0.0,0.015334611758589745,0.0,0.0168723464012146,-2.7403168623152396e-10,-3.2996625858082787e-14,-0.0050943354144692421,0.0,0.0,0.0,0.046153411269187927,0.17460867762565613,0.0,0.0,0.0,5.2684036314362657e-29,0.0,-0.036749862134456635,0.0,-0.037184473127126694,1.4657020042108115e-09,8.6581051573011991e-14,-0.055226933211088181,0.0,0.0,0.0,0.000938958371989429,0.7248348593711853,0.0,0.0,0.0,0.0,0.0,0.0,0.0,-0.10378483682870865,2.6772144501308048e-09,1.0872034473868517e-13,-0.42090043425559998,0.0,0.0,0.0,4.0993097775241987e-25,0.0,0.0,0.0,0.0,0.0,0.0,0.0,0.0,-0.001680704765021801,-6.2146954249442388e-11,0.0,0.0,0.0,0.0,0.0,0.0,0.0,0.0,0.0,0.0,0.0,0.0,0.0,0.0,0.0,0.0,0.0,0.0,0.0,0.0,0.0,-0.22612927854061127,0.1846277266740799,0.0,0.0,0.0,0.0,0.0,0.0,0.0,0.056921180337667465,2.0389507859874811e-09,8.2800784186997517e-14,0.39942336082458496,0.0,0.0,0.0,0.29691570997238159,-0.87584686279296875,0.0,0.0,0.0,-1.7571533607526694e-28,0.0,0.045675069093704224,0.0,0.096886910498142242,-6.1783871352361075e-09,-1.0872034473868517e-13,0.42108100652694702
1.7121934092756419e-07,0.0,0.0,5.9329307130576286e-19,0.0,0.0,0.0,0.0,0.0,-2.3941669727080796e-23,0.0,0.0,-0.04777754470705986,0.00036985153565183282,-0.023168856278061867,-0.00049242557724937797,2.8171601229587395e-07,0.0,0.0,8.488423531454718e-19,0.0,0.0,0.0,0.0,0.0,5.7933105531427952e-23,0.0,0.0,-0.095717839896678925,-0.0022041108459234238,0.20902013778686523,-0.00038049623253755271,-8.7987274355327827e-08,0.0,0.0,-2.4281636142370947e-19,0.0,0.0,0.0,0.0,0.0,-3.9603215579246665e-23,0.0,0.0,0.00072321976767852902,0.00098161154892295599,0.0080885468050837517,0.00016374417464248836,6.1064336920324536e-10,0.0,0.0,2.958553632463686e-19,0.0,0.0,0.0,0.0,0.0,2.3270347519015904e-23,0.0,0.0,-0.063078179955482483,0.0041630840860307217,-0.031312298029661179,0.003826226107776165,-4.0553035773882584e-07,0.0,0.0,1.2163622676513651e-37,0.0,0.0,0.0,0.0,0.0,0.0,0.0,0.0,0.14738334715366364,-0.0037150359712541103,0.0,-1.2755959843957498e-08,3.322906612483925e-17,0.0,0.0,0.0,0.0,0.0,0.0,0.0,0.0,-1.686177689353174e-22,0.0,0.0,-5.4451800679089502e-05,-0.0030372655019164085,1.6877649500202097e-08,7.5807520261150785e-08,0.0,0.0,0.0,0.0,0.0,0.0,0.0,0.0,0.0,-1.686177689353174e-22,0.0,0.0,-7.7755539678037167e-06,1.6484424936180631e-09,-0.049376588314771652,-7.5807520261150785e-08,-4.0553035773882584e-07,0.0,0.0,-1.715666992422387e-18,0.0,0.0,0.0,0.0,0.0,0.0,0.0,0.0,-5.9455919654283207e-06,-0.0066160997375845909,5.846548134513796e-08,-0.0020773557480424643,5.3247566711434047e-07,0.0,0.0,2.2527312725177273e-18,0.0,0.0,0.0,0.0,0.0,2.21401070570605e-22,0.0,0.0,-0.17071467638015747,-0.0052259257063269615,-0.064833126962184906,-0.0027276284527033567
-1.6757657050160966e-36,0.001357841887511313,0.0,0.0,0.0,0.0,0.0,0.0,-8.1898203496688637e-13,-0.0037587119732052088,0.1545679122209549,0.0,-0.12761932611465454,0.0019239267567172647,1.829292235244082e-23,-0.057003997266292572,-2.3691232974349725e-37,0.0017660132143646479,0.0,0.0,0.0,0.0,0.0,0.0,3.7301689514990244e-11,-0.0015229836571961641,0.16889579594135284,0.0,-0.057343311607837677,0.00098633684683591127,-3.8675491488879598e-24,-0.049286350607872009,1.4528765613686678e-36,-0.0010577482171356678,0.0,0.0,0.0,0.0,0.0,0.0,-9.6508391556060502e-12,0.0024572645779699087,-0.074013367295265198,0.0,0.08598964661359787,-0.0010865243384614587,-6.2847901453015729e-24,0.021907415241003036,1.4167117609182712e-36,-0.001333525637164712,0.0,0.0,0.0,0.0,0.0,0.0,-4.0136619722241917e-11,0.0046596266329288483,-0.064345583319664001,0.0,0.097993910312652588,-0.00049092731205746531,2.0282292293610704e-24,-0.0037616873160004616,3.4885865610054165e-37,0.0,0.0,0.0,0.0,0.0,0.0,0.0,7.2036096705752062e-12,1.2369331609518377e-38,0.019956069067120552,0.0,-0.056618604809045792,-5.731658802687889e-06,0.0,-0.042325913906097412,0.0,0.00031199402292259037,0.0,0.0,0.0,0.0,0.0,0.0,0.0,4.2962255974998698e-07,2.3676034585335607e-28,0.0,7.2084585479512131e-13,2.4067998310783878e-05,6.6770954066334134e-24,0.0,0.0,0.0,0.0,0.0,0.0,0.0,0.0,0.0,4.8703727682786191e-12,5.1646733325580958e-25,-0.045917890965938568,0.0,0.056617267429828644,-0.00050264626042917371,-6.6770954066334134e-24,-3.0397224592535561e-23,0.0,-6.4123557245812938e-17,0.0,0.0,0.0,0.0,0.0,0.0,4.5676781584499948e-13,-0.0033098517451435328,0.02616245299577713,0.0,-0.074400179088115692,0.00066493125632405281,-8.7672620499679115e-24,0.0,-4.5806370634973526e-37,0.00040966045344248414,0.0,0.0,0.0,0.0,0.0,0.0,-7.313046869461548e-12,0.0033072917722165585,-0.060291808098554611,0.0,0.074340462684631348,-0.00065246608573943377,-8.7672620499679115e-24,0.055575419217348099
0.0,0.0,0.0,-2.0428728021215647e-05,0.0,0.0,0.0,0.0,0.0,-1.1953343548697376e-38,0.0,0.0,-0.016464320942759514,4.0310230847717676e-11,0.0,-0.026554446667432785,0.0,0.0,0.0,-1.8080971130984835e-05,0.0,0.0,0.0,0.0,0.0,-3.0516006592678325e-38,0.0,0.0,-0.0033420692197978497,-3.0291390923364858e-11,0.0,-0.01112660113722086,0.0,0.0,0.0,2.1561459107033443e-06,0.0,0.0,0.0,0.0,0.0,0.0,0.0,0.0,-0.014422505162656307,1.0810161793495254e-10,0.0,0.0078157475218176842,0.0,0.0,0.0,1.4342487020257977e-06,0.0,0.0,0.0,0.0,0.0,-3.937781527847154e-38,0.0,0.0,0.035441689193248749,1.0138327677378101e-10,0.0,-4.5832784962840378e-05,0.0,0.0,0.0,1.5532654288108461e-05,0.0,0.0,0.0,0.0,0.0,0.0,0.0,0.0,0.052011203020811081,-2.1655724435909462e-10,0.0,0.016378719359636307,0.0,0.0,0.0,1.9249418652885674e-26,0.0,0.0,0.0,0.0,0.0,-1.763385299455871e-38,0.0,0.0,-0.018697120249271393,-3.753219610103109e-11,0.0,4.9704294189820811e-36,0.0,0.0,0.0,0.0,0.0,0.0,0.0,0.0,0.0,0.0,0.0,0.0,1.6449873822878845e-32,0.0,0.0,-6.2915802476970457e-36,0.0,0.0,0.0,8.5946224697546672e-29,0.0,0.0,0.0,0.0,0.0,0.0,0.0,0.0,4.299592735584006e-21,-2.024608952710949e-10,0.0,-5.9167835561590998e-12,0.0,0.0,0.0,-1.553264883114025e-05,0.0,0.0,0.0,0.0,0.0,-2.3153870326002458e-38,0.0,0.0,-0.030100613832473755,2.0229963537676809e-10,0.0,-0.016378719359636307
0.0,3.8364836996152007e-07,0.0,5.7560951560731155e-09,2.1752282918896526e-05,0.0,0.0,0.0,0.0,-7.8751945409294422e-08,-4.9569953697314872e-10,0.0,-6.2321683799382299e-05,0.0003433006932027638,0.018454456701874733,1.9891911051672651e-06,0.0,1.2637946156246471e-06,0.0,2.5689783633708885e-09,-6.9552617787849158e-05,0.0,0.0,0.0,0.0,-5.5891220540615905e-08,-9.353829932834401e-10,0.0,3.1849216611590236e-05,0.0013001806801185012,-0.074948407709598541,5.0723167532851221e-07,0.0,-2.4917096652643522e-07,0.0,-2.1320742046859742e-11,-6.5013964558602311e-06,0.0,0.0,0.0,0.0,4.1575571430030323e-08,7.9634110417003967e-10,0.0,1.9514089217409492e-05,3.1181516533251852e-05,-0.011368613690137863,-5.697516485270171e-07,0.0,-1.7209168845511158e-06,0.0,7.6443940066894811e-10,-2.5372934032930061e-05,0.0,0.0,0.0,0.0,-5.574515782313938e-08,9.7687580247196593e-10,0.0,0.00047539378283545375,0.001246050582267344,0.0056596305221319199,1.0156260259464034e-06,0.0,1.2142310039121098e-31,0.0,0.0,-8.8954155216924846e-05,0.0,0.0,0.0,0.0,0.0,0.0,0.0,0.00023053045151755214,8.3798980199389916e-08,0.015408257022500038,-1.8501033309803461e-06,0.0,8.7382125190174631e-13,0.0,0.0,0.0,0.0,0.0,0.0,0.0,-7.9599836055876949e-08,-2.7315170880304766e-32,0.0,-5.9879567970710923e-08,-0.0012134675635024905,0.0,0.0,0.0,0.0,0.0,-5.8821017175948731e-14,0.0,0.0,0.0,0.0,0.0,0.0,-2.501327756032623e-10,0.0,0.0,0.001211439841426909,0.020131533965468407,0.0,0.0,5.3141440048420918e-07,0.0,-5.6705172919420746e-14,0.0,0.0,0.0,0.0,0.0,7.9555803722541896e-08,-3.2680896877579357e-10,0.0,-0.00012180204794276506,4.3892036046599969e-05,0.0,-1.4160304999677464e-06,0.0,6.9776359623574535e-07,0.0,6.6172427537480871e-09,8.8958207925315946e-05,0.0,0.0,0.0,0.0,-1.045173902980423e-07,3.2843314179409333e-10,0.0,-0.000230609075515531,0.0021383436396718025,0.020204214379191399,3.592730536183808e-06
0.00092392967781051993,1.0886918033747861e-09,6.0701114009822094e-33,-1.16015226939159e-12,0.0,0.0,0.0,5.1754557262029266e-07,4.5609035050605253e-31,0.0,2.414503200487301e-30,0.0,-0.011909311637282372,-1.5886058690739446e-07,6.464907187364588e-08,0.012505440041422844,0.087856009602546692,2.5585597995814169e-07,-4.8192170956099371e-32,-1.2365296503738521e-12,0.0,0.0,0.0,1.2794354233847116e-06,6.4494681327695856e-29,0.0,-4.9548463626143102e-30,0.0,0.0049634035676717758,-2.1454613374771725e-07,5.4960846682661213e-06,0.053739551454782486,-0.01058422215282917,-1.0264398220272142e-09,-3.3180887966414469e-34,3.6968177000509805e-13,0.0,0.0,0.0,-7.1429404613354563e-09,-1.6828044226371715e-30,0.0,7.5929172098426943e-31,0.0,0.018720097839832306,-2.4032871692725166e-08,3.1709110004385366e-08,0.0027144234627485275,0.020582173019647598,-3.7568561594980565e-08,1.7655548991158495e-32,3.2933912216294436e-13,0.0,0.0,0.0,-4.0092049857776146e-07,-5.9113278722060807e-30,0.0,3.4749869959460398e-29,0.0,-0.022111114114522934,-4.3185894860187091e-09,-5.3136938049647142e-07,0.032872490584850311,-0.027777304872870445,0.0,0.0,7.91896953222406e-30,0.0,0.0,0.0,0.0,-1.865672712178774e-29,0.0,0.0,0.0,-0.062996327877044678,-4.501486856878234e-12,0.0,0.029990751296281815,0.0,2.9417028624085855e-15,0.0,0.0,0.0,0.0,0.0,3.7138050412721668e-09,0.0,0.0,0.0,0.0,0.067657001316547394,5.925637358199172e-18,0.0,0.0,-0.036472581326961517,0.0,4.5138655907620777e-35,0.0,0.0,0.0,0.0,0.0,-2.449693965463913e-29,0.0,0.0,0.0,2.061091467143089e-28,0.0,-1.8856891301766154e-06,-0.029990853741765022,0.0,2.5248034773994732e-08,0.0,1.938358978534338e-12,0.0,0.0,0.0,-4.1262789817742064e-17,0.0,0.0,0.0,0.0,-4.6786001722115556e-13,-5.7500436703716851e-12,0.0,0.028912005946040154,-0.036472581326961517,3.3151557943256194e-08,2.1117254958055357e-32,-2.5451335917275886e-12,0.0,0.0,0.0,4.4747152969648596e-06,-2.449693965463913e-29,0.0,4.8018376232220127e-30,0.0,0.09170946478843689,-1.1146599945277558e-06,-1.8856891301766154e-06,-0.029990751296281815
0.0,0.0,0.0,-0.011708558537065983,0.039712630212306976,0.0,0.0,-1.0838173267055141e-18,0.0,3.4645549021661282e-05,0.0,0.0,-0.037118140608072281,0.24089492857456207,-0.021491218358278275,0.028326308354735374,0.0,0.0,0.0,-0.0097920158877968788,-0.016010073944926262,0.0,0.0,-1.1023917707579689e-18,0.0,4.8708279791753739e-05,0.0,0.0,-0.01990087702870369,0.34433093667030334,0.018311932682991028,0.020217115059494972,0.0,0.0,0.0,0.0049500348977744579,-0.01319351140409708,0.0,0.0,2.2600823232239095e-19,0.0,-1.3107093764119782e-05,0.0,0.0,0.0086207138374447823,-0.090880870819091797,-0.0002701900084502995,-0.0083938669413328171,0.0,0.0,0.0,-0.0013405024074018002,-0.028379267081618309,0.0,0.0,2.0195111884766103e-19,0.0,7.6630924013443291e-05,0.0,0.0,0.012365896254777908,0.55716919898986816,0.11243119090795517,0.017557196319103241,0.0,0.0,0.0,0.015898140147328377,-0.048418167978525162,0.0,0.0,0.0,0.0,-2.9193161908602625e-20,0.0,0.0,0.025124119594693184,0.018560267984867096,0.0,-0.040997128933668137,0.0,0.0,0.0,-9.1791560407727957e-05,0.0,0.0,0.0,0.0,0.0,3.9211277908179909e-05,0.0,0.0,0.014495100826025009,0.2864038348197937,0.0,0.0,0.0,0.0,0.0,0.0,0.0,0.0,0.0,0.0,0.0,0.0,0.0,0.0,-1.66985453242674e-11,0.0,-0.032022584229707718,2.1462392396642826e-05,0.0,0.0,0.0,-0.0015443614684045315,-0.037058256566524506,0.0,0.0,0.0,0.0,0.0,0.0,0.0,-0.031207021325826645,0.014879537746310234,-0.024404581636190414,-4.2308919034894643e-08,0.0,0.0,0.0,-0.016699023544788361,0.048658795654773712,0.0,0.0,-2.9230054422416431e-18,0.0,5.1485789299476892e-05,0.0,0.0,-0.022091427817940712,0.36102017760276794,-0.032044075429439545,0.040876202285289764
3.0462129529951198e-07,0.0,0.0,-8.7855678287951378e-10,1.692514750573082e-08,0.0,0.0,0.0,-3.3163763731450176e-24,0.0,-1.1892088876142015e-11,0.0,0.072728388011455536,0.0009585937368683517,7.0977573397433671e-21,0.062589630484580994,-1.3975177353131585e-06,0.0,0.0,-2.7238338251578398e-09,-1.5168335210091755e-07,0.0,0.0,0.0,-3.1708644710745339e-24,0.0,7.6129387516221669e-11,0.0,0.016576835885643959,0.0017284243367612362,3.7944193829545791e-19,-0.054659459739923477,-6.4449125147802988e-07,0.0,0.0,-3.1966146396555928e-10,3.4439068485880853e-08,0.0,0.0,0.0,2.4325054549296397e-24,0.0,-2.7273882804990102e-11,0.0,-0.044902663677930832,0.0001825283543439582,-8.6571882804490252e-20,-0.053664114326238632,-1.0462994168847217e-06,0.0,0.0,-9.9899788441604187e-10,-1.4782219892595094e-09,0.0,0.0,0.0,-7.5662150108816793e-24,0.0,-3.3932881504661339e-10,0.0,0.011772116646170616,-0.00073594553396105766,-1.2100491723853806e-19,-0.20760565996170044,9.8573662859566817e-27,0.0,0.0,1.7611540004125459e-09,-1.710093897600018e-07,0.0,0.0,0.0,8.0115577574542441e-24,0.0,0.0,0.0,0.027560697868466377,-0.0030056287068873644,1.8735088989761139e-19,-0.082540079951286316,-1.8406555000183289e-06,0.0,0.0,-4.5210510614640369e-16,0.0,0.0,0.0,0.0,0.0,0.0,0.0,0.0,0.054020911455154419,0.0012352517805993557,0.0,6.2108576595021528e-22,0.0,0.0,0.0,2.1347121292869531e-10,0.0,0.0,0.0,0.0,0.0,0.0,0.0,0.0,1.4067445874843543e-07,2.00421154824236e-13,0.0,0.10837852954864502,0.0,0.0,0.0,6.4220711774575696e-28,-5.0705732151159208e-16,0.0,0.0,0.0,6.9688594841323904e-32,0.0,0.0,0.0,0.076888434588909149,-0.00055427313782274723,0.0,0.00021548919903580099,-2.4168455183826154e-06,0.0,0.0,-4.6938208875246801e-09,2.2454135262250929e-07,0.0,0.0,0.0,1.0593152401444318e-23,0.0,-5.9252200368398178e-11,0.0,-0.11588863283395767,0.0046296063810586929,-1.9434183269399745e-19,0.10776681452989578
6.2203328154552401e-14,-0.0091793397441506386,0.0,5.9032626334963589e-14,0.0,0.0,0.0,0.0,0.0,0.0,-0.0017645708285272121,0.0,-0.063041791319847107,0.00018744439876172692,0.0027603346388787031,0.3744012713432312,-2.661152819372764e-13,0.049892839044332504,0.0,6.5977971241797106e-14,0.0,0.0,0.0,0.0,0.0,0.0,-0.0012120825704187155,0.0,0.058515552431344986,-3.296217619208619e-05,-0.0032046795822679996,-0.015527342446148396,2.2993561468362921e-14,0.0039366078563034534,0.0,-6.2392514657387543e-14,0.0,0.0,0.0,0.0,0.0,0.0,0.00077321997378021479,0.0,-0.10178070515394211,-6.5227199229411781e-05,-0.001066742348484695,-0.14161288738250732,-1.8827497341115246e-13,-0.006549422163516283,0.0,1.2294257680043469e-13,0.0,0.0,0.0,0.0,0.0,0.0,0.0012064097682014108,0.0,-0.075951516628265381,2.0643263269448653e-05,0.00038597435923293233,-0.017578348517417908,1.5092073912207488e-13,0.0,0.0,-2.2306988070944223e-13,0.0,0.0,0.0,0.0,0.0,0.0,-5.7154486965979163e-18,0.0,-0.091076433658599854,2.8500760436145356e-06,0.0,-2.9387837230387959e-07,-3.5093510129119432e-13,1.886897603632252e-15,0.0,0.0,0.0,0.0,0.0,0.0,0.0,0.0,1.2076788941088121e-24,0.0,-0.083453059196472168,-0.00037015884299762547,-0.00064193608704954386,-1.1253212505835108e-05,0.0,0.0,0.0,-5.1159117124088913e-15,0.0,0.0,0.0,0.0,0.0,0.0,0.0023513978812843561,0.0,-0.0020752828568220139,0.0,-1.3963909295521199e-23,0.0,3.5093510129119432e-13,0.0049091414548456669,0.0,0.0,0.0,0.0,0.0,0.0,0.0,0.0,1.5286825680917989e-24,0.0,-0.069291397929191589,2.447221504553454e-06,-0.00064193608704954386,0.0019049592083320022,-4.6079015169481208e-13,0.0064458758570253849,0.0,2.1635250286190094e-13,0.0,0.0,0.0,0.0,0.0,0.0,0.0023513978812843561,0.0,0.094222515821456909,-0.00048924493603408337,-0.0008428847067989409,-0.98837971687316895
0.0,-0.0010297797853127122,0.0,0.0,0.0,0.0,0.0,0.0,0.0,2.4899668156970961e-29,0.0,0.0,-2.4901321467041271e-06,-1.4936368888006744e-17,0.0,1.3640713979772335e-20,0.0,-0.034911442548036575,0.0,0.0,0.0,0.0,0.0,0.0,0.0,3.46166571166964e-27,0.0,0.0,-1.3189585388317937e-06,-1.5205240637394655e-17,0.0,-2.4897833515258528e-21,0.0,0.00078466458944603801,0.0,0.0,0.0,0.0,0.0,0.0,0.0,-1.370011036311838e-27,0.0,0.0,1.4997370954006328e-06,3.1425067099741739e-18,0.0,-4.5879023375628156e-21,0.0,0.0080668339505791664,0.0,0.0,0.0,0.0,0.0,0.0,0.0,3.7453636665696351e-27,0.0,0.0,5.9580298739092541e-07,1.9172886891760382e-17,0.0,2.3137887612500837e-21,0.0,0.0,0.0,0.0,0.0,0.0,0.0,0.0,0.0,-8.7632708887699657e-30,0.0,0.0,-1.2769393151756958e-06,6.7914506140808763e-19,0.0,1.0255986150804711e-23,0.0,-1.7961937714972009e-07,0.0,0.0,0.0,0.0,0.0,0.0,0.0,-1.6102872635751702e-27,0.0,0.0,-1.2711947050547678e-09,2.6596748885283019e-36,0.0,0.0,0.0,0.0,0.0,0.0,0.0,0.0,0.0,0.0,0.0,0.0,0.0,0.0,1.6350719533875235e-06,0.0,0.0,0.0,0.0,0.0,0.0,0.0,0.0,0.0,0.0,0.0,0.0,0.0,0.0,0.0,-1.6960176481006783e-06,-2.9310033275073264e-17,0.0,-9.5879684179629179e-21,0.0,-0.0051656384021043777,0.0,0.0,0.0,0.0,0.0,0.0,0.0,2.1028574246583137e-27,0.0,0.0,1.6835231235745596e-06,-3.9621021590281516e-17,0.0,-1.2599529464289621e-20
2.9950485895824386e-06,6.5360914049961139e-06,2.664988335028415e-25,-7.8554038898472228e-21,-1.1936871491258216e-09,0.0,0.0,0.0,0.0,-1.401905613818144e-08,-4.4777761061805029e-36,0.0,-0.048655856400728226,-0.0013281861320137978,-1.4977985518527248e-09,-0.085020676255226135,9.5983610663097352e-05,-3.3836863622127566e-06,-2.7373522714975686e-24,-1.5673109669512195e-20,-1.167550722769306e-09,0.0,0.0,0.0,0.0,-3.0263777262007352e-08,-3.8614762705631005e-35,0.0,-0.084230706095695496,-0.0026499873492866755,3.6917889190135611e-08,0.17685632407665253,1.5413923392770812e-05,-1.1294639534753514e-07,-1.3448386080857519e-25,6.6060517799560106e-21,1.6823074044935993e-09,0.0,0.0,0.0,0.0,3.8578180650006288e-09,1.7437085466795148e-35,0.0,0.027314072474837303,0.0011169349309056997,-6.7951638982322038e-08,0.023318400606513023,-6.0383055824786425e-05,-4.1681214497657493e-05,1.4764878821206901e-24,1.0363732969979813e-20,-1.5031633715523185e-09,0.0,0.0,0.0,0.0,-5.8447586326337841e-08,-9.2325237639846249e-35,0.0,-0.044677484780550003,0.0017523278947919607,3.4316323649363767e-07,0.013214272446930408,0.00018284468387719244,-1.8640090274857357e-05,-8.1183499997137648e-25,0.0,1.0784066084568167e-08,0.0,0.0,0.0,0.0,0.0,-1.937617618394523e-34,0.0,0.08743499219417572,-1.7818512448093577e-20,1.5275435316652874e-07,0.20956958830356598,0.0,1.1594898729844296e-28,0.0,0.0,0.0,0.0,0.0,0.0,0.0,-2.5300924022531035e-08,0.0,0.0,-0.00092601298820227385,-1.7762464499244574e-20,0.0,0.0,0.0,0.0,-2.3899257412936901e-38,0.0,0.0,0.0,0.0,0.0,0.0,0.0,1.9387419144562372e-34,0.0,0.006509650032967329,-1.7778096920352119e-20,-3.539749438206494e-24,0.0,0.00013925344683229923,-1.4196184565662406e-05,0.0,0.0,8.5195503984891729e-09,0.0,0.0,0.0,0.0,0.0,1.4766686308836793e-34,0.0,0.0049589709378778934,-1.7024667408096892e-16,-1.1243214004252877e-07,0.15960700809955597,-0.00018284468387719244,1.8640090274857357e-05,8.1183499997137648e-25,-4.577493755893999e-20,-1.1186470416646443e-08,0.0,0.0,0.0,0.0,-2.6245020379178641e-08,1.9389180090201202e-34,0.0,-0.087416976690292358,-0.007739656139165163,-1.5276775400252518e-07,-0.20956958830356598
-0.0021161974873393774,-1.1883035658264041e-34,4.2476179799696268e-32,2.6600060045248175e-13,0.0023244640324264765,0.0,0.0,0.0,-1.9723451316622231e-08,6.4325226908202538e-25,0.0,-2.3427088816629164e-22,0.019694553688168526,0.00021383597049862146,0.24838970601558685,3.0084700028965017e-06,0.0099204070866107941,1.2378815094402726e-33,-8.6563366378734026e-31,-3.504243336477364e-12,-0.011553777381777763,0.0,0.0,0.0,-1.2424841600022773e-07,2.727104228781649e-25,0.0,1.1981802554477867e-22,-0.12061100453138351,-0.0011574848322197795,-2.4041211605072021,-3.5222064980189316e-06,0.0004650983028113842,-2.0068439960001341e-33,-6.5307027810710139e-32,-3.2014500642510435e-13,-0.0014526813756674528,0.0,0.0,0.0,-1.2786509628881504e-09,8.924300220591709e-27,0.0,1.2271218581207903e-22,0.18827317655086517,-0.00026533289928920567,-0.15575772523880005,1.788330791896442e-06,-0.0010382186155766249,3.5924073470548688e-33,2.2792569800720869e-31,1.4244803795727956e-14,-0.0031699091196060181,0.0,0.0,0.0,6.853635881043374e-08,5.6458498885350988e-25,0.0,1.1919589828048517e-22,-0.14931501448154449,-0.0028506650123745203,0.67554837465286255,2.284220954607008e-06,0.0062253577634692192,1.4218530793351802e-33,0.0,0.0,-0.010969968512654305,0.0,0.0,0.0,-2.6855802914838023e-08,0.0,0.0,0.0,-0.00039988660137169063,-2.3739793117427688e-11,0.006407999899238348,-9.1004421847173944e-06,0.0,0.0,0.0,-6.2580567618381023e-16,0.0,0.0,0.0,0.0,0.0,-1.0814925593423273e-37,0.0,0.0,1.6056761768714484e-13,-0.0019479617476463318,0.0,2.160036227121859e-31,0.0,-1.8669432705209888e-33,0.0,0.0,-1.1362796925595831e-07,0.0,0.0,0.0,2.6099742811425131e-08,0.0,0.0,0.0,2.2474613836642732e-10,-1.6285228809920227e-07,0.0,-2.8359461841412848e-31,0.0,-1.4218530793351802e-33,0.0,1.2151260958404869e-30,-0.0083547299727797508,0.0,0.0,0.0,0.0,0.0,0.0,0.0,1.7203546920363522e-10,-1.2402099969222036e-07,0.0,-1.0551007845194249e-09,-0.0081741148605942726,-1.6027439356759717e-33,2.8463648256714929e-31,-8.923765372481629e-12,0.010969941504299641,0.0,0.0,0.0,6.2335857364814728e-08,8.3631838284865527e-25,0.0,4.5058699920716544e-22,0.088283680379390717,-0.0025560152716934681,0.95289367437362671,9.1055335360579193e-06
0.0,-0.015951411798596382,0.0,1.2360394929800123e-09,0.0,0.0,0.0,0.0,0.0,0.0,-0.0076355990022420883,0.0,-0.26348954439163208,2.7254567612544633e-05,-3.4228955314574705e-07,-0.26795858144760132,0.0,-0.007449811790138483,0.0,1.5955555099367302e-08,0.0,0.0,0.0,0.0,0.0,0.0,-0.0024370572064071894,0.0,-0.20271004736423492,3.4117304039682494e-06,-3.7057343860169567e-08,-0.12294081598520279,0.0,0.0049600377678871155,0.0,1.5822537724474728e-09,0.0,0.0,0.0,0.0,0.0,0.0,0.0055924812331795692,0.0,0.10256978124380112,-6.3817665250098798e-06,2.9255380695758504e-07,0.092042542994022369,0.0,-0.00060065113939344883,0.0,-1.2454899334102265e-08,0.0,0.0,0.0,0.0,0.0,0.0,0.0051459367386996746,0.0,0.042929019778966904,2.2489373350254027e-06,2.8575334454217227e-07,0.04804476723074913,0.0,-5.6414439871704022e-15,0.0,0.0,0.0,0.0,0.0,0.0,0.0,0.0,0.00037452112883329391,0.0,-0.0080216163769364357,1.2540847700581725e-11,0.0,-0.057263113558292389,0.0,-6.7667235271073878e-05,0.0,5.3082284651531788e-24,0.0,0.0,0.0,0.0,0.0,0.0,-0.0061113187111914158,0.0,-0.049692213535308838,9.9182643680251203e-06,-2.9170411153245368e-07,0.0,0.0,0.0,0.0,0.0,0.0,0.0,0.0,0.0,0.0,0.0,0.0061113159172236919,0.0,0.007663398515433073,-1.2551841791719198e-05,2.9170411153245368e-07,0.075188487768173218,0.0,-0.00070961529854685068,0.0,0.0,0.0,0.0,0.0,0.0,0.0,0.0,-0.0056195594370365143,0.0,0.00027594441780820489,9.9163644335931167e-06,0.0,-0.075188487768173218,0.0,-7.1493210271000862e-05,0.0,2.3322902720224192e-08,0.0,0.0,0.0,0.0,0.0,0.0,0.0075326175428926945,0.0,-0.05482298880815506,-1.3016748198424466e-05,3.830177774943877e-07,0.41173630952835083
0.0,0.0049712867476046085,0.0,-0.11888985335826874,0.0,-3.9307786192654959e-11,0.0,0.0,0.0,-6.07294938234674e-27,0.0,0.0,-0.053346510976552963,-0.00069005507975816727,3.2424019025256712e-08,0.17365540564060211,0.0,-0.046528540551662445,0.0,-0.25602796673774719,0.0,-2.1061839772240631e-11,0.0,0.0,9.7586391424417117e-38,-6.4945369879170615e-27,0.0,0.0,-0.049790110439062119,0.0021787590812891722,2.7062355911766645e-07,-0.021486988291144371,0.0,-0.0021480212453752756,0.0,0.07703939825296402,0.0,-1.0170600472925173e-10,0.0,0.0,-3.5897735383871715e-38,2.3317266577505319e-27,0.0,0.0,-0.11242694407701492,-8.9718618255574256e-05,-5.322605911572964e-09,-0.097125455737113953,0.0,0.0069001549854874611,0.0,-0.22472493350505829,0.0,-1.3524888153870762e-10,0.0,0.0,4.2106193835256674e-37,1.7783233993684926e-27,0.0,0.0,-0.2290007472038269,0.0011345524108037353,-9.5470944927456003e-08,-0.12818631529808044,0.0,0.0,0.0,0.46730691194534302,0.0,0.0,0.0,0.0,0.0,0.0,0.0,0.0,0.088260166347026825,-0.00021458392438944429,0.0,-0.51583987474441528,0.0,1.7495655129096122e-06,0.0,-1.6455101103929337e-07,0.0,-1.7220047610067013e-10,0.0,0.0,5.3630304250048251e-38,-7.3629123738348839e-33,0.0,0.0,-0.0096811540424823761,0.0019455008441582322,0.0,0.0,0.0,0.0,0.0,0.0,0.0,0.0,0.0,0.0,0.0,-7.3629123738348839e-33,0.0,0.0,-0.0078680906444787979,0.0013382334727793932,-8.5559179296978982e-08,0.0,0.0,-4.9283352074482424e-16,0.0,0.0,0.0,2.1797175175919392e-10,0.0,0.0,0.0,-1.7637521600766488e-26,0.0,0.0,0.0060231182724237442,-0.0010391579708084464,0.0,1.4285402561345888e-17,0.0,-0.0058746389113366604,0.0,-0.47074645757675171,0.0,-2.2610530114874905e-10,0.0,0.0,7.0418482029177719e-38,1.8295662707314138e-26,0.0,0.0,-0.099708981812000275,0.0062618511728942394,-8.556694552908084e-08,0.51840347051620483
0.0,-5.9439647884573787e-05,0.0,6.9451001763809472e-05,0.071009017527103424,0.0,0.0,0.0,0.0,-0.00042590874363668263,0.0,0.0,0.017289590090513229,0.0063005420379340649,0.0,0.51802420616149902,0.0,6.628829851251794e-06,0.0,4.3275013013044372e-05,0.051028400659561157,0.0,0.0,0.0,0.0,-0.00076162314508110285,0.0,0.0,0.012754005379974842,0.0075051747262477875,0.0,-0.2419310063123703,0.0,1.5403853467432782e-05,0.0,-3.2809475669637322e-05,-0.027911372482776642,0.0,0.0,0.0,0.0,0.00027996688731946051,0.0,0.0,-0.0029945396818220615,-0.0021431674249470234,0.0,-0.22152452170848846,0.0,0.0001296419941354543,0.0,-3.7654492189176381e-05,-0.041880592703819275,0.0,0.0,0.0,0.0,-0.0009628423722460866,0.0,0.0,-0.01576991006731987,0.0023951346520334482,0.0,-0.72101855278015137,0.0,-2.2155923943500966e-05,0.0,-5.1754912419710308e-05,-0.053076911717653275,0.0,0.0,0.0,0.0,9.4003734628095142e-26,0.0,0.0,0.0097690075635910034,-0.0072301928885281086,0.0,-0.59096711874008179,0.0,0.0,0.0,-4.717665602789467e-13,0.0,0.0,0.0,0.0,0.0,-0.00038786896038800478,0.0,0.0,0.018104435876011848,-7.3272116196676507e-07,0.0,0.0,0.0,0.0,0.0,0.0,0.0,0.0,0.0,0.0,0.0,0.0,0.0,0.0,-0.0075203543528914452,0.0,0.0,0.0,0.0,-1.6873822460183874e-05,0.0,1.803293159241548e-08,0.0,0.0,0.0,0.0,0.0,0.0,0.0,0.0,-0.0091764591634273529,-0.00072653446113690734,0.0,-1.2915276920655432e-32,0.0,-3.7650857848348096e-05,0.0,5.0532089517218992e-05,0.057202622294425964,0.0,0.0,0.0,0.0,-0.00050928560085594654,0.0,0.0,0.011736205779016018,0.007230730727314949,0.0,0.59096711874008179
-6.6015214718813991e-26,-6.2321888101568579e-12,0.0,-0.0043137883767485619,0.00018177126185037196,0.0,0.0,0.0,2.2631637008885264e-08,0.0,0.0,0.0,-0.19721613824367523,-6.8309549533296376e-05,-7.3863307926971563e-34,-0.00099649420008063316,6.4547132248246044e-26,1.5183842030919159e-11,0.0,-0.0067954724654555321,-0.00088914914522320032,0.0,0.0,0.0,3.6833287531123915e-09,0.0,0.0,0.0,-0.35875418782234192,6.3662781030870974e-05,1.7436242887597335e-32,0.017879456281661987,1.8055298946534834e-26,3.9992011438561015e-12,0.0,0.0035194696392863989,-2.8371723601594567e-05,0.0,0.0,0.0,-1.4549049964784899e-08,0.0,0.0,0.0,-0.016957039013504982,3.4876129575422965e-06,-4.6515718381839057e-33,-0.0046942173503339291,9.3206442771949581e-27,-1.5036625373651691e-12,0.0,0.0021799197420477867,-0.0002386682026553899,0.0,0.0,0.0,-1.1725370008264235e-08,0.0,0.0,0.0,-0.51043730974197388,-2.2920012270333245e-05,1.5348966057984171e-32,0.0065241297706961632,7.5978404692238929e-26,0.0,0.0,0.0082524353638291359,-0.00091333687305450439,0.0,0.0,0.0,2.030709976026937e-22,0.0,0.0,0.0,0.42035853862762451,-2.4905803002184257e-06,7.6772701215061102e-35,0.018462812528014183,0.0,0.0,0.0,-8.9994702929482748e-18,0.0,0.0,0.0,0.0,3.860764464390945e-26,0.0,0.0,0.0,3.4831360018472424e-09,8.9567918621469289e-05,0.0,-7.2572305498397327e-08,0.0,1.4145410103666434e-12,0.0,0.0,0.0,0.0,0.0,0.0,-1.0558567353768922e-09,0.0,0.0,0.0,6.420859803022829e-17,1.1154190423609696e-15,-1.421665349213934e-32,-7.6694288081034402e-21,2.4004962849190902e-36,1.790530397560719e-12,0.0,0.0,0.0,0.0,0.0,0.0,0.0,0.0,0.0,0.0,0.0041134008206427097,5.4067855671746656e-05,0.0,4.6410511153000485e-21,-9.9762320628595376e-26,1.8573434890784002e-12,0.0,-0.010978454723954201,0.0010726521722972393,0.0,0.0,0.0,-5.1365621089871638e-08,0.0,0.0,0.0,-0.42559203505516052,0.0001910803111968562,-1.8666967840493008e-32,-0.018181400373578072
-1.9467526309846055e-16,0.0012946488568559289,2.3489646696436456e-29,1.9567961344572141e-36,-5.7523329815012403e-06,0.0056833322159945965,0.0,-1.9677404150542088e-09,-4.4509040009188539e-08,7.1675563584824974e-22,0.0,0.0,-0.064032174646854401,-0.0010637928498908877,-3.1338371151204963e-24,-0.0032067075371742249,2.328858590262779e-16,-0.042114727199077606,2.8809776111724723e-27,1.7387915809447901e-36,3.7159884413995314e-06,0.011964224278926849,0.0,1.2391904169462009e-09,1.4491480904155196e-08,1.6386594347259487e-21,0.0,0.0,-0.015455713495612144,-0.0005739887710660696,3.6560361342199381e-23,-0.044072888791561127,5.7913958709491663e-17,1.6377003703382798e-05,1.3742804137384313e-28,-4.5142971279109186e-37,1.8858843304769835e-06,0.0046432428061962128,0.0,6.4258698362351652e-10,2.2366821283981153e-08,-3.0384228582438588e-22,0.0,0.0,-0.036266446113586426,0.00028704042779281735,2.3752872041064704e-24,0.0074590006843209267,3.0209833727963547e-17,0.006396610289812088,-2.8574446731820047e-27,-2.0844664981447735e-38,3.9292995097639505e-06,-0.0064784623682498932,0.0,5.4106163993594691e-10,2.7228397314615904e-08,2.586865597988595e-21,0.0,0.0,0.025519844144582748,0.0010273826774209738,-6.858597312567569e-24,-0.023329557850956917,2.6658577951683949e-16,0.0,0.0,0.0,7.5093826126249041e-06,0.0,0.0,0.0,-3.4938558123032148e-12,-6.0557900105014535e-37,0.0,0.0,0.084105543792247772,0.00048549100756645203,0.0,-0.059514634311199188,0.0,-6.6399303833009071e-09,0.0,0.0,0.0,0.0043105701915919781,0.0,9.5462060721631616e-18,5.3006093736485127e-08,8.8157914791252236e-22,0.0,0.0,0.012276453897356987,-6.1247010307852179e-05,0.0,-2.7944992408493422e-22,0.0,0.0,0.0,0.0,0.0,0.0,0.0,0.0,0.0,0.0,0.0,0.0,0.0,0.0,-8.660912555891446e-24,0.0,2.6659316458534836e-16,-0.0052453121170401573,0.0,0.0,7.5093826126249041e-06,0.0,0.0,-2.5051301311140861e-11,5.3019594048464569e-08,1.8559493567491677e-31,0.0,0.0,-0.048160616308450699,3.9870142742870485e-09,0.0,1.6972923067015699e-10,-3.5137390988589296e-16,-0.0054410393349826336,-1.4340192217170505e-27,4.2718317774545458e-36,-9.8600839919527061e-06,0.0056599308736622334,0.0,5.0151474084714209e-09,-6.961659693160982e-08,1.1575445534722378e-21,0.0,0.0,-0.071296542882919312,-0.0015836128732189536,-8.660912555891446e-24,0.059092532843351364
-8.6772699432913214e-05,-2.1667343474973677e-09,0.0,4.3790689114027679e-38,-0.094468027353286743,1.5120690477488097e-05,0.0,0.0,2.4255358610503208e-08,0.0,0.0,0.0,0.0015210997080430388,0.00022149654978420585,1.2152719152183633e-12,-1.4111277424344593e-10,0.00039519421989098191,1.558942130941432e-08,0.0,6.5610285081253977e-38,-0.42054563760757446,-1.0755842595244758e-05,0.0,0.0,-1.2885148503727351e-09,0.0,0.0,0.0,-0.0015932179521769285,-7.5377181929070503e-05,4.5606105697482135e-11,1.6660660698275542e-11,3.9198257582029328e-05,-6.1728822053908061e-10,0.0,-2.6856126092120983e-38,-0.003465302987024188,-5.8526743487163913e-06,0.0,0.0,1.2816919969793616e-08,0.0,0.0,0.0,0.00031548051629215479,-8.3446662756614387e-05,-5.4798795709465331e-12,3.8651033762437947e-11,-4.6648536226712167e-05,-2.4004953580458732e-09,0.0,0.0,0.11380119621753693,6.4716920178398141e-07,0.0,0.0,-6.3485616763614416e-09,0.0,0.0,0.0,-0.001539754681289196,-3.466122507234104e-05,-6.7171983253455636e-11,-1.2180337467804225e-11,0.0002506644232198596,0.0,0.0,-6.0167047695267514e-38,-1.0358871221542358,0.0,0.0,0.0,-7.5999861462341908e-24,0.0,0.0,0.0,0.0050610420294106007,2.5884453407343244e-06,0.0,-5.6752253721134571e-13,0.0,6.9012147025567928e-22,0.0,0.0,0.0,4.6177578951756004e-06,0.0,0.0,0.0,0.0,0.0,0.0,-0.003854480804875493,-2.5884453407343244e-06,0.0,0.0,1.091690277816572e-26,0.0,0.0,0.0,0.00018676811305340379,-4.6177578951756004e-06,0.0,0.0,-6.477498004642257e-08,0.0,0.0,0.0,3.2715533393457008e-07,0.0,0.0,0.0,1.0005440920224373e-10,1.4198432429779473e-09,0.0,-6.0167047695267514e-38,-0.00016473799769300967,-4.6177578951756004e-06,0.0,0.0,0.0,0.0,0.0,0.0,-1.2244005631600885e-07,-1.0986451337215924e-20,0.0,-5.4711432866810794e-13,-0.00025066448142752051,1.8643042665189569e-09,0.0,7.9001451938748796e-38,1.0745810270309448,-6.0632787608483341e-06,0.0,0.0,-6.477498004642257e-08,0.0,0.0,0.0,-0.0050609493628144264,-0.00059674499789252877,-1.2252551404023926e-11,3.2492272761253105e-10
0.0,-0.0010783320758491755,0.0,-1.1037801783686518e-08,6.5676776517253899e-11,0.0,0.0,0.0,0.0,0.0,0.0,3.7412127296956518e-14,-0.0045155063271522522,0.0019934088923037052,-1.9354426047946127e-11,0.0086694713681936264,0.0,-0.0041669122874736786,0.0,-2.4200064174806357e-08,-2.9180513561044563e-10,0.0,0.0,0.0,0.0,0.0,0.0,3.1705716611180046e-12,0.042844448238611221,0.0067374873906373978,3.6073113246493094e-11,-8.0223886470776051e-05,0.0,0.00063926767325028777,0.0,4.0728029837566737e-09,-1.1902537289110171e-10,0.0,0.0,0.0,0.0,0.0,0.0,2.2715084479173198e-13,0.032817840576171875,-0.0037804637104272842,1.8289579920005572e-12,-0.0024257395416498184,0.0,0.0028344024904072285,0.0,5.1104338538721095e-09,-7.8017890758896868e-11,0.0,0.0,0.0,0.0,0.0,0.0,-5.9996669091177957e-13,0.026714542880654335,0.0038022070657461882,2.9958785452421921e-11,0.0016248207539319992,0.0,0.0,0.0,0.0,-4.8878029401677736e-10,0.0,0.0,0.0,0.0,0.0,0.0,0.0,-0.10881225764751434,0.0031282661948353052,0.0,-0.015549314208328724,0.0,0.0,0.0,-3.1100726234394835e-29,0.0,0.0,0.0,0.0,0.0,0.0,0.0,4.9576288170191662e-13,-1.6182897525141016e-05,0.0069798179902136326,0.0,0.0,0.0,0.0,0.0,0.0,0.0,0.0,0.0,0.0,0.0,0.0,0.0,0.0,0.0,0.0,0.0,6.6110443508460293e-11,0.0,-0.00095642666565254331,0.0,1.4930684071456582e-26,-3.7225850180178099e-10,0.0,0.0,0.0,0.0,0.0,0.0,4.9576288170191662e-13,-0.082870304584503174,0.002471584128215909,0.0,-0.0025466063525527716,0.0,-0.0012558219023048878,0.0,-7.6252327119163965e-08,4.8878856517831082e-10,0.0,0.0,0.0,0.0,0.0,0.0,6.5095411699855887e-13,0.10879118740558624,0.0059198001399636269,-3.2922862353013116e-11,0.015630686655640602
0.0,-0.0022642000112682581,0.0,-4.410324373500113e-14,-0.00063787854742258787,0.0,0.0,0.0,0.06492152065038681,0.0,-2.0455899886299977e-14,0.0,-0.064813680946826935,-0.0026997181121259928,0.0,-0.11704090237617493,0.0,0.0065627931617200375,0.0,-9.5672195209520194e-14,-0.0010247364407405257,0.0,0.0,0.0,-0.021389245986938477,0.0,-1.9406066922682264e-14,0.0,-0.029002703726291656,-0.011676404625177383,0.0,-0.028342142701148987,0.0,-0.0084464522078633308,0.0,-1.9135854942178669e-14,0.00017091562040150166,0.0,0.0,0.0,-0.0022936058230698109,0.0,6.2956736009047842e-15,0.0,0.05240878090262413,0.016881674528121948,0.0,-0.14976131916046143,0.0,0.025829246267676353,0.0,7.3746083296011983e-14,0.00049061956815421581,0.0,0.0,0.0,-0.0074414694681763649,0.0,8.4803795184621757e-15,0.0,-0.0018476452678442001,0.034705542027950287,0.0,-0.10964009165763855,0.0,0.014114277437329292,0.0,3.1116771756923428e-16,-0.0014746602391824126,0.0,0.0,0.0,-1.9359728042900315e-08,0.0,-2.5874342544831425e-14,0.0,-0.10092409700155258,-0.0033799789380282164,0.0,-0.065855219960212708,0.0,2.3744206719822492e-35,0.0,-5.1354848085331489e-23,0.0,0.0,0.0,0.0,0.0,0.0,3.4999040729800617e-17,0.0,0.0049341442063450813,-0.0062175849452614784,0.0,6.2763330858618899e-16,0.0,-2.3088434275564396e-08,0.0,0.0,0.0,0.0,0.0,0.0,-0.14060302078723907,0.0,0.0,0.0,3.8431334037360799e-17,-0.0062175882048904896,0.0,0.0,0.0,0.0,0.0,1.9327560445748128e-22,0.0,0.0,0.0,0.0,-3.2981287034772322e-08,0.0,3.4999040729800617e-17,0.0,6.7158464389649453e-07,-0.0042268186807632446,0.0,-0.20825895667076111,0.0,-0.014114308170974255,0.0,-5.3082226656765708e-14,0.0014819846255704761,0.0,0.0,0.0,-0.14060297608375549,0.0,2.6838122043205785e-14,0.0,0.11528440564870834,0.0031848864164203405,0.0,0.065855488181114197
0.0,-3.8233098166529089e-05,0.0,-2.910619332396891e-05,7.4425585694370966e-08,6.6443781179259531e-06,-3.0834900854870284e-08,-1.6339027570158593e-12,-1.5579529172993385e-34,6.6167323125077739e-26,0.048937123268842697,0.0,-0.00057575083337724209,0.014438898302614689,0.0,-0.064669258892536163,0.0,-0.00021880875283386558,0.0,0.00019420361786615103,3.0173032428137958e-07,1.0937055776594207e-06,-6.4785239395348526e-09,-1.7939579129936517e-13,-6.0791420444969055e-34,-2.3553971610650672e-25,0.016199015080928802,0.0,-0.00052274297922849655,0.0027262852527201176,0.0,-0.29289013147354126,0.0,-0.00016564455290790647,0.0,6.7409586335998029e-05,-2.3657889869355131e-08,-4.0930472096079029e-06,2.1502769342873762e-08,-4.5950155030775874e-14,3.529798887850017e-35,3.7282530886461167e-26,-0.022909384220838547,0.0,-3.8441503420472145e-05,-0.010135989636182785,0.0,0.072596773505210876,0.0,0.00017789944831747562,0.0,-0.00011432699830038473,-6.6714336277584607e-09,-2.5843228286248632e-06,2.0466716321720924e-08,-6.7143615970974291e-13,-2.2640768077708355e-36,-4.4356278054754672e-25,-0.016880812123417854,0.0,2.4262894271487312e-07,-0.0095556965097784996,0.0,-0.07502969354391098,0.0,3.9249129789556045e-16,0.0,-8.6344265509986506e-24,6.80261535990212e-08,0.0,0.0,0.0,-1.7465345831836291e-34,0.0,-3.0437202775791165e-20,0.0,0.00070122594479471445,-2.6689417891897886e-16,0.0,6.0810756511540875e-27,0.0,-7.4045572546310723e-05,0.0,0.0,0.0,-4.2936671889037825e-06,-4.1919630433540078e-08,-7.322694967754062e-13,0.0,-2.2378531884016432e-25,-1.5269368304871023e-05,0.0,-3.8688485748394896e-10,0.019004000350832939,0.0,0.19024181365966797,0.0,1.9238509776732174e-16,0.0,0.0,-8.9320735696674092e-08,6.4421215757726191e-12,4.1919630433540078e-08,7.322694967754062e-13,1.7477067484977157e-34,0.0,-0.024322466924786568,0.0,5.697345435301887e-17,-0.019860940054059029,0.0,-0.19024181365966797,0.0,-8.5478868427912857e-09,0.0,9.1141986464452404e-28,0.0,1.0395691788289696e-05,-4.1919630433540078e-08,-9.614954232101125e-13,0.0,0.0,0.03189537301659584,0.0,-7.4655492120079004e-17,0.01991531066596508,0.0,0.0,0.0,-9.7247255325783044e-05,0.0,0.00015250092837959528,-8.9320735696674092e-08,-1.0783595826069359e-05,5.5041951441126002e-08,9.61495640050547e-13,1.7477067484977157e-34,-2.9383801611653679e-25,-0.032056238502264023,0.0,-0.00072739250026643276,-0.027532892301678658,0.0,-0.24979420006275177
0.0,2.1476720555341023e-17,0.0,-6.4484029280720279e-06,0.0,0.0,0.0,0.0,0.0,2.6089927995798234e-09,0.0,1.2952933656832379e-19,0.023998085409402847,0.00021011270291637629,0.0075114332139492035,-0.025398341938853264,0.0,1.7259001719932755e-16,0.0,-5.7359447964699939e-06,0.0,0.0,0.0,0.0,0.0,-3.6255880075941604e-08,0.0,-1.5075099122549557e-19,0.022297151386737823,0.00028264865977689624,0.017519380897283554,0.13461586833000183,0.0,-9.335375931996871e-18,0.0,8.4537141731289012e-08,0.0,0.0,0.0,0.0,0.0,1.6090133669877105e-08,0.0,1.7515465460279399e-19,-0.00088804925326257944,-0.00013528230192605406,-0.0021640576887875795,0.050746466964483261,0.0,-9.0144720405375365e-17,0.0,-1.1627876119746361e-06,0.0,0.0,0.0,0.0,0.0,-3.9347810343315359e-08,0.0,-8.979897545294045e-19,0.027742652222514153,-0.00060883042169734836,-0.096049793064594269,0.047933079302310944,0.0,0.0,0.0,5.0240214477526024e-06,0.0,0.0,0.0,0.0,0.0,0.0,0.0,-1.1223614358592534e-19,0.0098738018423318863,-5.7038664635911118e-06,0.0,0.19342222809791565,0.0,2.7823315090352106e-17,0.0,0.0,0.0,0.0,0.0,0.0,0.0,-1.0167917174896957e-08,0.0,0.0,0.018094316124916077,4.3334657675586641e-06,0.0,0.0,0.0,0.0,0.0,0.0,0.0,0.0,0.0,0.0,0.0,0.0,0.0,1.8704709474349058e-34,0.0,1.0040026824518518e-36,0.011962627060711384,7.7436740353320488e-10,0.0,0.0,0.0,0.0,0.0,0.0,0.0,0.0,0.0,0.0,0.0,1.9356259360715966e-34,8.8255596608632914e-08,1.4855702226117743e-26,0.011962627060711384,0.14731092751026154,0.0,3.6532994236221003e-17,0.0,-5.0489898058003746e-06,0.0,0.0,0.0,0.0,0.0,-1.3350833327763212e-08,0.0,1.1223614358592534e-19,0.013027815148234367,0.0012950426898896694,0.015707351267337799,-0.19342222809791565
0.0,6.962724147241417e-11,0.0,8.0192661322184278e-13,1.613697168068029e-05,-1.5336432124257726e-10,0.0,0.0,0.0020245208870619535,-2.066072661921559e-24,3.0190587443218453e-12,0.0,-0.0014834956964477897,0.00015702309610787779,-5.371991579054456e-28,-0.2341388612985611,0.0,2.224386647098342e-11,0.0,7.685681951974388e-12,0.00010796151764225215,1.5876784262291999e-11,0.0,0.0,0.0035318145528435707,-6.4036032472500778e-24,7.2162740193115749e-13,0.0,-7.8537268564105034e-05,0.00010238588583888486,5.1198124306593302e-27,-0.63656723499298096,0.0,3.6767765915213246e-11,0.0,-3.7146265338856843e-13,8.7181742856046185e-06,2.0519506926941489e-10,0.0,0.0,-0.00025457207811996341,1.633784281431431e-24,-5.3521764927996762e-13,0.0,0.00030463669099844992,-0.00014184287283569574,1.7755281768695819e-28,0.087968580424785614,0.0,-1.3622075689667668e-10,0.0,-6.4886416552278892e-12,1.6835285350680351e-05,-2.979454738483156e-10,0.0,0.0,-0.001676264451816678,-8.9980101756322992e-24,-1.1208060304510048e-12,0.0,-0.0020680418238043785,0.00050319219008088112,-1.5324278863064218e-27,-0.0034972128923982382,0.0,-7.7647284435489183e-11,0.0,-1.2015327407455768e-23,5.1750997954513878e-05,-1.0048629156138614e-25,0.0,0.0,0.0027635064907371998,0.0,1.0043355036515322e-11,0.0,1.4239575421015616e-06,0.00053560512606054544,0.0,-0.43521571159362793,0.0,0.0,0.0,1.0116839370163229e-24,0.0,5.1511178655871959e-10,0.0,0.0,0.0,-2.5879501018729875e-24,0.0,0.0,0.0016117950435727835,4.8020489806788191e-09,0.0,-8.8969858397648739e-21,0.0,0.0,0.0,0.0,0.0,0.0,0.0,0.0,0.0,0.0,0.0,0.0,1.7423364669697293e-35,0.0,-1.2457834511845086e-27,0.024701464921236038,0.0,0.0,0.0,0.0,0.0,5.1511178655871959e-10,0.0,0.0,0.0,0.0,-8.634937606647489e-22,0.0,-1.4118527360551525e-06,0.00040875564445741475,0.0,-0.37392568588256836,0.0,7.7647284435489183e-11,0.0,1.5798754665619086e-11,-5.368207348510623e-05,6.7635991252146255e-10,0.0,0.0,-0.0028686146251857281,-3.3980696251983477e-24,-1.0043355036515322e-11,0.0,0.0057784086093306541,-0.00053701165597885847,-1.2457834511845086e-27,0.47865796089172363
5.1535482717586445e-22,7.1675942014552902e-31,0.0,-0.0083802239969372749,-3.4827246508939425e-07,0.0,0.0,0.0,0.0,0.0,0.0,0.0,-0.14435859024524689,-0.0051734303124248981,-4.0234491501527027e-32,3.3198637172660028e-09,5.5334217794217985e-22,1.0672940454901147e-30,0.0,-0.011400518007576466,4.2818346628337167e-06,0.0,0.0,0.0,0.0,0.0,0.0,0.0,-0.18396313488483429,-1.1341694516886491e-06,2.4628386348174068e-31,1.7742837199463679e-09,-2.1237051909377143e-22,1.0567052393976816e-31,0.0,-0.00055636983597651124,-2.001847292376624e-07,0.0,0.0,0.0,0.0,0.0,0.0,0.0,0.05497891828417778,0.0010434106225147843,6.5039169382356203e-33,-1.3376995067204689e-09,-2.183087610656876e-22,-9.2352948771223183e-31,0.0,0.0050797215662896633,1.2835316738346592e-06,0.0,0.0,0.0,0.0,0.0,0.0,0.0,-0.08303532749414444,0.0070991176180541515,-6.1622346728509613e-32,-2.4579795976364949e-09,1.9905806392811954e-26,-4.6865323479148258e-31,0.0,0.0060136192478239536,-2.1755756733909948e-06,0.0,0.0,0.0,0.0,0.0,0.0,0.0,0.007695354986935854,0.0073944991454482079,0.0,1.0495236179209538e-17,3.6410636173477157e-22,0.0,0.0,3.547288447455793e-20,0.0,0.0,0.0,0.0,0.0,0.0,0.0,0.0,-0.15458326041698456,0.0044513735920190811,0.0,3.5375448414512865e-20,0.0,2.7591109362952667e-32,0.0,0.0,0.0,0.0,0.0,0.0,0.0,0.0,0.0,0.0,0.0,0.0,-1.5405936391696773e-32,0.0,0.0,0.0,0.0,0.0,2.8842089605518595e-08,0.0,0.0,0.0,0.0,0.0,0.0,0.0,1.8195042628121882e-07,0.0085836760699748993,0.0,1.0098053036117216e-13,4.7806455177072579e-22,5.0488131240698902e-31,0.0,-0.0060136155225336552,-8.5537544691760559e-07,0.0,0.0,0.0,0.0,0.0,0.0,0.0,-0.21076974272727966,-0.0054259421303868294,-1.090334369533181e-31,3.9381498062596165e-09
0.0,0.0,0.0,-5.3414783707239621e-09,0.0,0.00042746166582219303,0.0,-7.1191670940606855e-06,3.6189129180975086e-20,1.0805448008577815e-29,2.5076922011363703e-14,4.2454021240700968e-06,-0.02484789676964283,0.002196223009377718,0.090694218873977661,-0.019330158829689026,0.0,0.0,0.0,5.3019628687422937e-09,0.0,-7.9960133007261902e-05,0.0,3.921238658222137e-06,3.118124204325981e-20,-1.7551245966816813e-30,3.0496211702842405e-14,-2.1545413346757414e-06,-0.020968779921531677,-0.0010636328952386975,-0.17554499208927155,0.0093862684443593025,0.0,0.0,0.0,3.5038560941558217e-09,0.0,-0.00017001113155856729,0.0,8.4591474660555832e-06,-2.97730252115251e-20,-5.4796190142677217e-30,-1.3074989462164618e-14,-2.5854421892290702e-06,0.022877007722854614,-0.0010639161337167025,-0.063048399984836578,0.0093638012185692787,0.0,0.0,0.0,-1.0972803776709839e-09,0.0,-1.6993570170598105e-05,0.0,7.6562463391383062e-07,-4.5346562207007658e-21,-1.9108751907532039e-29,-1.1694911057906661e-14,-2.2666765744361328e-06,-0.051611747592687607,-0.0013054705923423171,0.032974019646644592,0.011513757519423962,0.0,0.0,0.0,0.0,0.0,1.9931793581018419e-37,0.0,-1.9449551367843023e-33,2.7047755898846975e-20,0.0,1.9469411434609729e-14,6.47251454211073e-06,-0.041034307330846786,-9.2220027170242247e-09,-1.6508546092184277e-36,7.8162320278352126e-06,0.0,0.0,0.0,0.0,0.0,-0.00028358085546642542,0.0,1.0663333134955574e-18,0.0,-8.9833016140687467e-30,1.338724322179471e-37,0.0,2.070204452309099e-09,-1.0142228723530877e-10,-0.04611876979470253,1.4828460024091583e-25,0.0,0.0,0.0,0.0,0.0,1.1912120356782907e-07,0.0,0.0,-2.7047755898846975e-20,0.0,0.0,2.0175550082485203e-29,0.045946292579174042,1.0131610134189728e-10,-2.1823548749934465e-36,-7.8550774560426362e-06,0.0,0.0,0.0,0.0,0.0,-4.4463422527174501e-11,0.0,-9.9161616162746213e-06,0.0,0.0,-1.244920918836683e-24,0.0,-0.03616347536444664,-7.0285164355254892e-09,-1.240109143846313e-12,0.0,0.0,0.0,0.0,5.3959903212330573e-09,0.0,-0.00037203636020421982,0.0,1.3020181540923659e-05,-3.5514657095491858e-20,-1.1795765699880039e-29,-2.5564023554275339e-14,-8.4986395449959673e-06,0.046129584312438965,-0.0073608709499239922,-0.06055556982755661,0.064797580242156982
-3.146510252349799e-08,0.0,0.0,0.01888606883585453,2.3971460927363353e-10,0.0,0.0,-2.8113757988279531e-09,0.0,1.1368252899046638e-06,6.1560499604288062e-15,0.00040751096094027162,0.065565325319766998,-2.5384301807207521e-06,0.0,-5.4898810049053282e-05,1.1012398992704675e-08,0.0,0.0,0.018671372905373573,-1.1020963308627785e-10,0.0,0.0,-3.1334652650372163e-09,0.0,3.7867658875256893e-07,2.7926237931424078e-15,0.00085490749916061759,0.069393597543239594,-1.3682330973097123e-05,0.0,-2.1941570594208315e-05,3.085564692639764e-09,0.0,0.0,-0.0095588788390159607,-8.0634474791674293e-12,0.0,0.0,5.6549936955363478e-10,0.0,-5.2165446504659485e-06,-1.7820461479487208e-15,0.0023598126135766506,-0.031881000846624374,1.9287108443677425e-06,0.0,5.8004421589430422e-05,-1.1165716351513311e-08,0.0,0.0,0.0093275681138038635,-1.3853618252568367e-10,0.0,0.0,4.62415522539672e-10,0.0,-1.260095632460434e-05,-5.8290406091635483e-15,0.0051545831374824047,-0.084527157247066498,-4.0138776967069134e-05,0.0,0.00015758126392029226,7.2018416119590256e-08,0.0,0.0,-0.02844446524977684,-4.3598163967928372e-10,0.0,0.0,8.67351523936577e-09,0.0,0.0,-1.1622119587518468e-14,1.116596441473207e-30,0.014571249485015869,-4.4609623728320003e-05,0.0,7.5819298217538744e-05,0.0,0.0,0.0,6.4186618300661734e-30,0.0,0.0,0.0,0.0,0.0,4.0586560317024123e-06,0.0,0.0032769546378403902,0.11341933161020279,-5.4000451200408861e-05,0.0,4.2836974907615192e-19,0.0,0.0,0.0,0.0,0.0,0.0,0.0,0.0,0.0,4.0586560317024123e-06,0.0,-0.0032769546378403902,7.6796555565001624e-15,1.4328040265354502e-07,0.0,-4.0615618533665846e-36,0.0,0.0,0.0,-0.021663138642907143,0.0,0.0,0.0,0.0,0.0,4.181091753707733e-06,8.8513384447451438e-15,0.0041479761712253094,-0.01367721613496542,-3.4087621315848082e-05,0.0,3.1234510089461764e-08,-9.4562722097180085e-08,0.0,0.0,0.02844446524977684,4.3598236132424972e-10,0.0,0.0,-8.6826776879433964e-09,0.0,-5.3291582844394725e-06,1.1622119587518468e-14,-0.0043027568608522415,0.13096307218074799,-2.5678986276034266e-05,0.0,-0.0002463723358232528
4.8452304917200466e-33,-0.00097585876937955618,0.0,-1.129810898052865e-34,0.0,0.0,0.0,0.0,0.0,0.0,-8.1739875895436853e-05,-3.8288267607140765e-37,0.0,5.715978460145759e-35,0.0001024523880914785,0.017857236787676811,1.2894376631097812e-32,0.0056250090710818768,0.0,-5.089356974827827e-34,0.0,0.0,0.0,0.0,0.0,0.0,0.00057255988940596581,-2.3828898777562538e-36,0.0,3.0862211010121232e-35,0.00085669016698375344,0.025360552594065666,-1.9635290495532483e-33,-0.00076675188029184937,0.0,-9.1846872280077783e-35,0.0,0.0,0.0,0.0,0.0,0.0,-0.00063138012774288654,1.2418193765930611e-37,0.0,4.9055233188892747e-35,-0.0001123620240832679,0.01506336685270071,-2.1713858381373993e-33,-0.0030418769456446171,0.0,2.7789464759268816e-34,0.0,0.0,0.0,0.0,0.0,0.0,-0.0014148071641102433,2.6603087686912362e-36,0.0,-4.5866067653532696e-34,-0.00025029282551258802,0.00018544132763054222,0.0,-1.7378660011125359e-34,0.0,0.0,0.0,0.0,0.0,0.0,0.0,0.0,0.0,0.0,0.0,-1.7378598022165453e-34,-2.8335073217267865e-35,0.042500484734773636,0.0,0.00091656803851947188,0.0,0.0,0.0,0.0,0.0,0.0,0.0,0.0,0.0,0.0,0.0,0.0,0.0,0.042500484734773636,-3.2589908640716045e-33,2.3856854370024291e-27,0.0,0.0,0.0,0.0,0.0,0.0,0.0,0.0,1.2133979510053905e-07,0.0,0.0,1.8027071419411068e-34,1.5321581906325895e-25,-0.05580463632941246,0.0,0.00091656821314245462,0.0,-4.7071197318965167e-34,0.0,0.0,0.0,0.0,0.0,0.0,0.0,-4.4216374440481501e-37,0.0,1.372931598806723e-34,0.0,0.054524514824151993,-3.2589908640716045e-33,0.0012034861138090491,0.0,-6.1806142984442355e-34,0.0,0.0,0.0,0.0,0.0,0.0,-0.00054744479712098837,-5.805766078549288e-37,0.0,1.8027076011185876e-34,-0.00077174155740067363,-0.05675961822271347
-0.029088474810123444,-8.1530510475340398e-16,0.0,3.5428460165576325e-09,1.0271107385051437e-05,0.0,0.0,0.0,0.0,0.0,0.0,0.0,-0.012349554337561131,-4.9312810006085783e-05,0.0,-2.1214478038696755e-31,0.0019595988560467958,1.1527101972594322e-15,0.0,2.3328874387829046e-09,6.5455760704935528e-06,0.0,0.0,0.0,0.0,0.0,0.0,0.0,0.0020388287957757711,-0.00013013069110456854,0.0,1.0091837643758591e-31,0.013012227602303028,-1.655591222824587e-15,0.0,-1.2302492358173822e-09,-4.4101025196141563e-06,0.0,0.0,0.0,0.0,0.0,0.0,0.0,-0.0075725042261183262,-4.1524501284584403e-05,0.0,6.5125443320866866e-32,0.0073816408403217793,1.6993083931773944e-15,0.0,-5.2080106893725997e-10,-2.7255707664153306e-06,0.0,0.0,0.0,0.0,0.0,0.0,0.0,0.02108272910118103,9.443683666177094e-06,0.0,7.2213068876734586e-32,0.039488360285758972,8.2503269581746838e-16,0.0,-4.8556724860680323e-16,-1.495765354775358e-05,0.0,0.0,0.0,0.0,0.0,0.0,0.0,0.013756139203906059,4.1425823837926146e-06,0.0,-7.8632890214428411e-32,0.0,0.0,0.0,8.2365976978501448e-31,1.2586614977305354e-29,0.0,0.0,0.0,0.0,0.0,0.0,0.0,0.038123354315757751,-4.1184830479323864e-05,0.0,0.0,0.0,-8.5581837298322194e-16,0.0,0.0,0.0,0.0,0.0,0.0,0.0,0.0,0.0,0.0,-5.1351506158425764e-08,-3.9971650949155446e-06,0.0,0.0,0.039488360285758972,6.5178645307714536e-16,0.0,-5.1202082573809093e-09,-1.495765354775358e-05,0.0,0.0,0.0,0.0,0.0,0.0,0.0,0.02725595235824585,-0.0002390975714661181,0.0,2.7379346406640733e-31,-0.051849611103534698,-8.5581858474145876e-16,0.0,6.7230141453933356e-09,1.9639926904346794e-05,0.0,0.0,0.0,0.0,0.0,0.0,0.0,0.027357697486877441,-0.00037740787956863642,0.0,-3.5950047340661251e-31
0.0,-1.4480029904007097e-06,0.0,0.0,0.0013537106569856405,0.087356977164745331,0.0,0.0,0.0,7.4315553975544212e-17,-1.7071071863174438,0.0,-0.0015826495364308357,0.00032868713606148958,3.5465349924534718e-29,0.0077129765413701534,0.0,3.1502454476139974e-06,0.0,0.0,-0.047848921269178391,-5.0739850848913193e-05,0.0,0.0,0.0,-3.7963308629333396e-17,-4.2796869277954102,0.0,-0.0011143253650516272,9.9818709713872522e-05,4.4113726302743448e-29,0.0051431125029921532,0.0,5.6702555184529047e-07,0.0,0.0,-0.0033612735569477081,-0.029114067554473877,0.0,0.0,0.0,-2.2930917307099046e-17,1.2614260911941528,0.0,0.00068301067221909761,-0.00012638735643122345,-1.2579827578884158e-29,-0.0030044007580727339,0.0,-1.1580968930502422e-06,0.0,0.0,-0.013788320124149323,-0.0030685747042298317,0.0,0.0,0.0,-1.5012254768274603e-16,6.0928049087524414,0.0,-8.7798965978436172e-05,-5.4615818953607231e-05,-8.0946384172764807e-30,-0.0010916421888396144,0.0,0.0,0.0,0.0,-0.0093030789867043495,0.0,0.0,0.0,0.0,0.0,1.7010619631364476e-15,0.0,5.9679587138816714e-06,1.1590959095308939e-11,1.7357579040739178e-29,0.0039729205891489983,0.0,4.250346705703123e-07,0.0,0.0,0.0,0.045404300093650818,0.0,0.0,0.0,2.8598270827750986e-17,-5.1105864332101625e-13,0.0,-1.2459742145455002e-27,-3.0894425472743903e-12,0.0,0.0,0.0,2.7560631554734982e-09,0.0,0.0,0.0096502192318439484,-0.052442900836467743,0.0,0.0,0.0,-2.8598270827750986e-17,-0.73786866664886475,0.0,0.00066401425283402205,-0.00012276723282411695,-2.2791113410239974e-29,-0.003972918726503849,0.0,-6.0593595208047191e-07,0.0,0.0,0.0,0.05961744487285614,0.0,0.0,0.0,3.7550078973803955e-17,9.650818555764773e-13,0.0,-0.00015304601402021945,0.00016119574138429016,0.0,-4.6692979076246475e-17,0.0,5.608343940366467e-07,0.0,0.0,0.0096502210944890976,-0.05961744487285614,0.0,0.0,0.0,-3.7550538886224535e-17,0.96884757280349731,0.0,0.00080112734576687217,-0.00016119772044476122,-2.2791113410239974e-29,-0.0052165845409035683
0.0,0.0,0.0,0.0016641078982502222,0.35011246800422668,0.0,0.0,-8.5407765482159448e-07,0.0,0.0,0.0,0.0,0.00028596530319191515,1.1687067329527179e-12,-7.2363936851616018e-06,-0.21820545196533203,0.0,0.0,0.0,0.0013323202729225159,-0.5432392954826355,0.0,0.0,-2.7018393211619696e-07,0.0,0.0,0.0,0.0,-0.00018866846221499145,1.7321094211708576e-11,2.2221527615329251e-05,0.021210161969065666,0.0,0.0,0.0,-0.00043980032205581665,-0.045464951545000076,0.0,0.0,3.3501231655463926e-07,0.0,0.0,0.0,0.0,0.00012805603910237551,-2.2344049353806295e-12,1.7857405509857927e-06,0.11948718130588531,0.0,0.0,0.0,0.00062118656933307648,-0.21377347409725189,0.0,0.0,-8.5700576164526865e-06,0.0,0.0,0.0,0.0,0.001283940626308322,9.1883627442723714e-12,-3.0846128993289312e-06,0.0096666216850280762,0.0,0.0,0.0,-0.0017770464764907956,-0.69813841581344604,0.0,0.0,-1.6365458577638492e-05,0.0,0.0,0.0,0.0,2.7804589177121784e-15,1.1828499588633452e-15,3.3008599326089794e-11,0.19110670685768127,0.0,0.0,0.0,0.0,0.0,0.0,0.0,7.1841711109526625e-33,0.0,0.0,0.0,0.0,-0.0016133423196151853,5.0268042930352697e-18,0.0,1.4468788658245259e-19,0.0,0.0,0.0,0.0,0.0,0.0,0.0,0.0,0.0,0.0,0.0,0.0,4.1049696178608879e-23,0.0,0.0,0.0,0.0,0.0,0.0,-6.2217148100174313e-10,-0.69792211055755615,0.0,0.0,3.5708012068036421e-12,0.0,0.0,0.0,0.0,-3.1284191395373479e-23,1.1635059498095435e-15,0.0,0.20844423770904541,0.0,0.0,0.0,0.0023333246354013681,0.91660892963409424,0.0,0.0,1.6365458577638492e-05,0.0,0.0,0.0,0.0,-0.0021183753851801157,4.1217581431274297e-11,-8.6530062617384829e-06,-0.25570973753929138
-2.5135721282154577e-10,-0.0018205114174634218,0.0,0.0,-7.0395403781731147e-06,0.0,0.0,0.0,0.0033597182482481003,-1.260542164348999e-25,1.8864184880840185e-08,3.8715583627890737e-07,-0.014397482387721539,0.0076920385472476482,0.0,-6.9942774416631437e-07,4.8100540217532739e-10,0.014210276305675507,0.0,0.0,-0.00017458621005062014,0.0,0.0,0.0,0.0079839732497930527,8.7787097775573493e-26,4.785960783237897e-08,-2.0011782453366322e-07,0.0022102466318756342,-0.0087567074224352837,0.0,-4.7179636908367684e-07,1.9491651348513273e-10,-0.0012694861507043242,0.0,0.0,5.9614441852318123e-05,0.0,0.0,0.0,-0.002000848762691021,9.8865965099086357e-26,-2.4333715487045993e-08,-1.9187332611636521e-07,0.0080246198922395706,-0.0036736824549734592,0.0,-5.084762619844696e-07,-1.2415635186613372e-10,-0.012074229307472706,0.0,0.0,1.3975898582430091e-05,0.0,0.0,0.0,-0.012870934791862965,4.3530606927543785e-25,-8.6879765603953274e-08,1.2762512824338046e-06,0.01028029341250658,-0.019487906247377396,0.0,2.0277522594369657e-07,9.0244212103129939e-10,-3.6622867524885473e-27,0.0,0.0,-6.2516744947060943e-05,0.0,0.0,0.0,0.0066040768288075924,0.0,5.5531771181449585e-08,1.3901411965999699e-10,-0.02156493254005909,0.017004407942295074,0.0,-1.6000860796339111e-06,-6.8065496815206128e-13,0.0033611671533435583,0.0,0.0,0.0,0.0,0.0,0.0,0.0,1.7001065540946265e-25,6.7488294952511296e-09,-1.3013484983731274e-17,-8.9824254700943129e-09,-0.003327993443235755,0.0,0.0,0.0,0.0,0.0,0.0,8.208669169107452e-05,0.0,0.0,0.0,0.0,0.0,0.0,0.0,2.8794766457297324e-14,0.0,0.0,0.0,6.9071015573740624e-10,2.7891762344433103e-27,0.0,0.0,0.0,0.0,0.0,0.0,0.0,0.0,-3.292354777670735e-37,-6.1289517816476291e-07,-0.016423024237155914,0.01399739645421505,0.0,-1.218616262121941e-06,-9.0782092954100335e-10,0.004413330927491188,0.0,0.0,8.208669169107452e-05,0.0,0.0,0.0,-0.0066040772944688797,2.2322998541479202e-25,-4.6670322717545787e-08,-8.0503104982199147e-07,0.021565403789281845,-0.02137424610555172,0.0,1.6000860796339111e-06
0.0,0.0,0.0,0.0,7.7947908039277536e-07,0.0,-8.9378954726271331e-05,0.40816366672515869,0.0,0.0,-6.7804530772264116e-06,0.0,-0.089234702289104462,-0.00070840504486113787,-1.117037572839763e-05,0.0,0.0,0.0,0.0,0.0,-1.7978470623347675e-06,0.0,-0.00057426618877798319,0.19145633280277252,0.0,0.0,-1.6361103917006403e-05,0.0,-0.073287487030029297,0.0018448310438543558,-0.0001473647280363366,0.0,0.0,0.0,0.0,0.0,-1.2302006098252605e-06,0.0,-8.7839733168948442e-05,-0.19033172726631165,0.0,0.0,1.553978222545993e-06,0.0,0.03374909982085228,-0.00080756458919495344,-4.4990356400376186e-05,0.0,0.0,0.0,0.0,0.0,-1.6004585177142872e-06,0.0,0.0005668754456564784,-0.18623924255371094,0.0,0.0,3.707002178998664e-05,0.0,0.011076481081545353,-0.00013964745448902249,-7.2326314693782479e-05,0.0,0.0,0.0,0.0,0.0,0.0,0.0,0.0,-0.55658173561096191,0.0,0.0,0.0,0.0,0.0036008181050419807,1.4117624687060015e-06,0.0,0.0,0.0,0.0,0.0,0.0,0.0,0.0,0.0,0.0,0.0,0.0,0.0,0.0,-0.026198947802186012,0.0015815591905266047,-2.4535093229617103e-28,0.0,0.0,0.0,0.0,0.0,0.0,0.0,0.0,0.0,0.0,0.0,0.0,0.0,0.0,0.0,3.3482273275262482e-30,0.0,0.0,0.0,0.0,0.0,0.0,0.0,0.0,0.0,0.0,0.0,0.0,0.0,6.6620990825701602e-20,0.0015826353337615728,0.0,0.0,0.0,0.0,0.0,0.0,1.1507081580930389e-06,0.0,0.00013671640772372484,0.55658173561096191,0.0,0.0,6.116726126492722e-06,0.0,-0.034400276839733124,0.00098889158107340336,3.3652377169346437e-05,0.0
0.0,0.0,0.0,-0.00013165287964511663,8.4846639936131396e-08,0.0,0.0,-3.9275177619695067e-13,0.0,-3.5323519283203542e-12,0.0,0.0,0.017443239688873291,0.0004773039254359901,0.39536601305007935,-0.0096265291795134544,0.0,0.0,0.0,-0.00082261196803301573,-1.1610606698297943e-08,0.0,0.0,2.4601853757313941e-13,0.0,-4.9396879815699624e-12,0.0,0.0,-0.036943577229976654,0.0026790255215018988,-1.123371958732605,-0.0079607404768466949,0.0,0.0,0.0,-0.00011276884470134974,-2.0271787803949337e-08,0.0,0.0,-2.419914854438765e-13,0.0,-7.8227337801939356e-12,0.0,0.0,0.020920703187584877,-0.00014942996494937688,-0.087462164461612701,8.5784704424440861e-06,0.0,0.0,0.0,0.00037406428600661457,1.081613376641144e-08,0.0,0.0,8.4528299073780011e-13,0.0,-3.0306226278531412e-11,0.0,0.0,-0.34216651320457458,0.00098749413155019283,0.15303425490856171,0.010903253220021725,0.0,0.0,0.0,-2.9998599372061543e-24,-3.425176942073449e-07,0.0,0.0,2.0272436615682843e-13,0.0,0.0,0.0,0.0,-0.1344350129365921,1.2881156180810649e-05,0.027745705097913742,0.00022216854267753661,0.0,0.0,0.0,-3.7490808526240149e-13,0.0,0.0,0.0,0.0,0.0,-1.2402879938366862e-11,0.0,0.0,-0.044116150587797165,1.6963493010280217e-07,0.0,-2.5743538436228533e-29,0.0,0.0,0.0,0.0,0.0,0.0,0.0,-1.5439369617856191e-13,0.0,0.0,0.0,0.0,9.5088040667908108e-19,0.0,-0.036431089043617249,0.0,0.0,0.0,0.0,3.6226023157904991e-24,-2.6085990612045862e-07,0.0,0.0,1.5439369617856191e-13,0.0,0.0,-1.2287508390887986e-38,0.0,-0.10239721089601517,0.0047529442235827446,0.0,0.00016978246276266873,0.0,0.0,0.0,-0.0013467465760186315,3.4251826264153351e-07,0.0,0.0,-2.0272436615682843e-13,0.0,-1.2865690283969666e-11,-1.6133932545613177e-38,0.0,0.063657335937023163,0.0018386277370154858,0.5047336220741272,-0.058787818998098373
0.0,-1.0139008743692557e-08,0.0,-9.9626188731414608e-38,0.0,0.0,0.0,0.0,0.0,8.5441431370891842e-34,1.894943238767155e-06,4.8768779813135321e-13,-0.27206245064735413,0.014433883130550385,-2.3467942774329082e-20,0.026504451408982277,0.0,-4.4043697577933472e-09,0.0,-4.6879153731996505e-38,0.0,0.0,0.0,0.0,0.0,5.1238375302153064e-34,2.1344246761145769e-06,7.8756906595270348e-13,-0.1640055775642395,0.0057136868126690388,1.5754532353003543e-19,0.0051201996393501759,0.0,1.1273651345788949e-08,0.0,2.8944175710439035e-38,0.0,0.0,0.0,0.0,0.0,-4.6192354579607231e-34,-9.0155742782371817e-07,-4.0411974439567844e-13,0.11721836030483246,-0.0061564026400446892,1.2520735664182544e-20,-0.0032778042368590832,0.0,-4.828569544201855e-09,0.0,0.0,0.0,0.0,0.0,0.0,0.0,-1.4752420812452351e-34,-3.4035375051644223e-07,5.0414459119938609e-14,0.03467777743935585,-0.0015665129758417606,-4.0790860944404023e-20,-0.014358479529619217,0.0,0.0,0.0,4.767828902282859e-38,0.0,0.0,0.0,0.0,0.0,0.0,7.2796768790794886e-07,6.0012715283330742e-13,-0.06229729950428009,2.5668406289369727e-10,0.0,0.0002673367562238127,0.0,-2.0869301842196819e-09,0.0,0.0,0.0,0.0,0.0,0.0,0.0,0.0,0.0,0.0,-0.004045617301017046,-2.2908523078513099e-07,0.0,1.4913553059159312e-08,0.0,2.0869301842196819e-09,0.0,0.0,0.0,0.0,0.0,0.0,0.0,0.0,-9.5584721293562325e-07,0.0,0.063424132764339447,-0.002955632982775569,-3.0247542539794973e-20,-0.010751556605100632,0.0,-2.7402129454401347e-09,0.0,0.0,0.0,0.0,0.0,0.0,0.0,0.0,-1.597020848898012e-09,6.0310225780471627e-13,-0.083278127014636993,0.0038814949803054333,0.0,0.013609342277050018,0.0,2.7402129454401347e-09,0.0,-4.767828902282859e-38,0.0,0.0,0.0,0.0,0.0,1.4674207964205696e-34,-9.5266017297035432e-07,-6.0310968458959779e-13,0.077966094017028809,-0.0038808225654065609,-3.0247594238583258e-20,-0.014384529553353786
