0.044443078339099884,-0.09030827134847641,0.9418104887008667,-0.47533231973648071,0.097724206745624542,0.021441277116537094,0.25448724627494812,0.10486472398042679,0.11620411276817322,-0.68613195419311523,-0.81844878196716309,-2.254464864730835,0.065148353576660156,0.60481804609298706,0.051261730492115021,-0.6173548698425293,-0.024343322962522507,0.016504684463143349,-0.29187232255935669,0.40132609009742737,-0.044122043997049332,0.081023089587688446,-0.20473602414131165,0.08328583836555481,-0.090734928846359253,-0.18670254945755005,0.94912374019622803,0.9498862624168396,0.19710403680801392,-0.44927391409873962,0.19567620754241943,-0.24952618777751923,0.034100014716386795,0.039732165634632111,0.0007731197401881218,-0.65219837427139282,0.14996302127838135,0.070319145917892456,0.22719763219356537,0.036944679915904999,0.031497493386268616,0.026105787605047226,-0.19127063453197479,0.082338087260723114,-0.005743635818362236,-0.1408405601978302,-0.031636863946914673,0.10132391750812531,0.016569744795560837,0.016237176954746246,1.1330335140228271,-0.65432643890380859,0.044834703207015991,-0.047951966524124146,0.24415215849876404,-0.029972027987241745
-0.10124668478965759,-0.011721412651240826,0.70956772565841675,-0.32708734273910522,-0.40526416897773743,-0.00082476058742031455,-0.21563670039176941,0.1631610244512558,0.20795433223247528,0.051284275949001312,-2.0792300701141357,0.46719670295715332,0.50173652172088623,-0.21690632402896881,-0.34549540281295776,-0.78787916898727417,0.083793021738529205,0.00049837277038022876,-0.38829979300498962,0.062581002712249756,0.25255170464515686,-0.046804580837488174,0.054202094674110413,-0.0085750538855791092,-0.044125918298959732,0.10968707501888275,-0.34935376048088074,-0.47798481583595276,0.33966204524040222,0.028620630502700806,0.35907647013664246,0.34278601408004761,-0.15538531541824341,0.010452156886458397,2.1712925434112549,-0.56041574478149414,-0.39490655064582825,-0.023807529360055923,-0.0050446558743715286,0.16217121481895447,0.2546040415763855,0.033509355038404465,-2.3061928749084473,-0.15625254809856415,0.49569836258888245,0.096982993185520172,-0.0066165542230010033,-0.17225338518619537,0.35497868061065674,0.039804700762033463,-1.8681762218475342,0.1086723655462265,1.0470296144485474,0.060611099004745483,0.461436927318573,-0.10401229560375214
0.23462089896202087,0.15302130579948425,1.7193424701690674,-2.3031504154205322,0.90159672498703003,0.41533172130584717,0.70887839794158936,0.25227749347686768,0.10681887716054916,0.09343111515045166,-4.8884057998657227,-0.13800929486751556,-0.71195966005325317,-0.067150145769119263,0.30769142508506775,0.032259047031402588,-0.0011785714887082577,-0.10701604932546616,-0.45078781247138977,0.86281776428222656,-0.086453422904014587,-0.28922471404075623,-0.12354890257120132,-0.1794448047876358,-0.98272353410720825,-0.32938992977142334,1.2551864385604858,0.91676723957061768,-0.12025479972362518,-0.84862321615219116,0.22986023128032684,0.075314454734325409,0.16265329718589783,-0.057368692010641098,-0.92591404914855957,0.33942922949790955,0.31725817918777466,0.53222566843032837,0.19480700790882111,0.10298749059438705,-0.11672794073820114,-0.035158824175596237,1.1788746118545532,0.30057293176651001,-0.26349380612373352,0.65702509880065918,-0.28049454092979431,0.23062703013420105,0.0094472318887710571,0.11870613694190979,3.946753978729248,0.009178520180284977,-0.47484076023101807,0.126455157995224,0.11973800510168076,0.26307666301727295
-0.34824326634407043,0.0058872769586741924,-4.7332358360290527,-2.8534708023071289,-1.6118154525756836,1.0278594493865967,-0.3960455060005188,-0.0073399646207690239,1.0788240432739258,0.52018958330154419,10.020645141601562,3.2769036293029785,4.4619541168212891,-0.37986811995506287,-0.21484483778476715,0.1043517142534256,0.16882297396659851,0.08633732795715332,1.9508012533187866,1.0749596357345581,0.57287305593490601,0.31631472706794739,0.10973764955997467,0.018037473782896996,-0.19425541162490845,-0.28069001436233521,-1.9104814529418945,-0.90113651752471924,-0.5321429967880249,-2.4604282379150391,0.21197050809860229,0.0019054717849940062,-0.028076900169253349,-0.02173653244972229,1.1311029195785522,-0.30762100219726562,0.15775357186794281,0.14351996779441833,-0.0092369234189391136,-0.083737000823020935,0.10130120813846588,0.027911078184843063,-0.17441654205322266,-0.84781074523925781,0.043401595205068588,0.22669051587581635,-0.12062933295965195,0.073613911867141724,0.14852389693260193,0.044485475867986679,0.097735032439231873,0.87742972373962402,0.74170148372650146,-0.55489379167556763,0.20808561146259308,0.081496052443981171
0.5927356481552124,-0.046313662081956863,0.025660987943410873,0.32193446159362793,0.2955315113067627,-0.67420262098312378,-0.058900352567434311,0.070357732474803925,0.10568129271268845,0.30226272344589233,0.68741106986999512,3.3154013156890869,-0.3063240647315979,-0.50313514471054077,0.22618447244167328,-0.67412692308425903,-0.50062763690948486,0.099052831530570984,1.1412250995635986,0.10344599187374115,-0.21383632719516754,0.32693439722061157,-0.29370826482772827,0.18085302412509918,-0.099742792546749115,0.3511509895324707,1.399131178855896,-1.2509498596191406,0.16544835269451141,0.61278557777404785,0.52166002988815308,-0.0078260144218802452,0.021828927099704742,0.081284701824188232,0.49876773357391357,0.56691354513168335,0.19775022566318512,-0.01987672783434391,0.054450899362564087,-0.047051012516021729,-0.060446180403232574,0.050931889563798904,0.17664770781993866,-0.87377315759658813,-0.2035161554813385,0.082115590572357178,-0.10263827443122864,0.14436949789524078,0.034050889313220978,-0.014857590198516846,1.3461195230484009,0.59466743469238281,0.40885797142982483,-0.54428023099899292,0.35072007775306702,-0.0029439819045364857
-0.0022107751574367285,-0.0056589902378618717,-0.15236932039260864,0.37768566608428955,0.22823740541934967,0.096492752432823181,0.040403760969638824,0.10079889744520187,0.32828977704048157,-0.18525673449039459,1.2310553789138794,-1.5634474754333496,-0.034080170094966888,-0.22084994614124298,0.14693884551525116,-0.085304528474807739,0.018142770975828171,-0.028237512335181236,-0.0097624631598591805,-0.10887668281793594,-0.12802140414714813,-0.0096551710739731789,-0.061672482639551163,-0.029319319874048233,-0.093080557882785797,-0.79909205436706543,0.14863027632236481,1.4387370347976685,0.32611554861068726,0.9826972484588623,0.15384942293167114,-0.2340235561132431,0.052172813564538956,0.11908542364835739,0.23251235485076904,0.39926573634147644,0.33219876885414124,0.13508199155330658,0.05822087824344635,0.29713991284370422,0.099070586264133453,0.047539707273244858,-0.075197212398052216,0.56576567888259888,-0.11399070918560028,-0.48774167895317078,-0.13135075569152832,0.25535917282104492,0.10510427504777908,0.085966333746910095,0.59426420927047729,0.21216565370559692,0.1910037100315094,-0.36935442686080933,0.23073543608188629,0.20010080933570862
0.77476811408996582,-0.17493398487567902,-0.2140054851770401,4.0130190849304199,-0.085937716066837311,-3.0827817916870117,-0.010113749653100967,-0.20907284319400787,0.21942153573036194,-0.010914881713688374,0.95266729593276978,0.64357990026473999,0.54167473316192627,-0.38812181353569031,0.084120430052280426,-0.31209135055541992,2.9241342544555664,0.32704731822013855,-5.4523839950561523,-1.1741986274719238,-0.027862470597028732,1.1235811710357666,0.021248873323202133,0.67061382532119751,0.3815615177154541,-0.019507274031639099,-2.4160416126251221,-2.432476282119751,-0.49978625774383545,1.2120273113250732,-0.10539963096380234,0.93624478578567505,0.042230203747749329,0.039162572473287582,0.76903587579727173,2.2521622180938721,0.40980070829391479,-1.0555075407028198,0.24003715813159943,-0.14522731304168701,0.025677558034658432,-0.08967985212802887,-1.953309178352356,1.7142319679260254,-1.0783904790878296,-1.4355080127716064,-0.1636078953742981,-0.14201970398426056,0.11952792853116989,0.054261241108179092,1.4801698923110962,-1.8698700666427612,0.37514537572860718,1.6184035539627075,-0.014982715249061584,0.36656787991523743
-0.019585754722356796,0.1489088386297226,1.0911855697631836,-0.21430261433124542,-0.23744344711303711,0.15523964166641235,0.3367084264755249,0.013626891188323498,0.15911376476287842,-0.046926751732826233,-1.8050345182418823,-2.6433720588684082,0.45330709218978882,0.47070389986038208,0.10707087814807892,-0.18562339246273041,-0.0071207736618816853,-0.1382087916135788,-0.37561330199241638,-0.10861163586378098,0.074093073606491089,-0.030969833955168724,-0.14211486279964447,0.043381001800298691,-0.48075491189956665,-0.89306670427322388,-0.45377761125564575,0.27984717488288879,0.21856752038002014,-0.77915418148040771,0.088759586215019226,-0.13402333855628967,0.026241237297654152,0.2029271125793457,-0.89784139394760132,-0.91263753175735474,0.22688767313957214,0.46237453818321228,0.36763763427734375,0.2686704695224762,0.06043621152639389,-0.023179776966571808,-0.60755676031112671,0.66449189186096191,0.16859616339206696,-0.15475465357303619,-0.19828331470489502,0.083974063396453857,-0.058502793312072754,0.068659223616123199,2.0750594139099121,-0.53134667873382568,-0.42331099510192871,0.22718821465969086,0.19404180347919464,-0.089705459773540497
0.045009300112724304,0.038145281374454498,0.032597627490758896,-0.14291715621948242,0.16115789115428925,0.11910474300384521,0.23896990716457367,0.22367426753044128,-0.023498555645346642,0.32223564386367798,0.54931938648223877,0.27947929501533508,-0.30618190765380859,-0.64422726631164551,-0.16100364923477173,-0.90931457281112671,0.025790926069021225,0.056413829326629639,0.025555077940225601,-0.041317649185657501,-0.13846813142299652,-0.15957760810852051,-0.19311383366584778,0.030701335519552231,0.23298338055610657,0.22306755185127258,0.03214651346206665,-0.058857835829257965,0.054311379790306091,1.0754132270812988,0.35421022772789001,-0.13470770418643951,0.028381584212183952,0.078073196113109589,0.37203580141067505,-0.065441250801086426,0.14982503652572632,0.015534829348325729,0.20610444247722626,0.12241920828819275,-0.0050618178211152554,-0.0052581923082470894,-0.50735294818878174,0.19701944291591644,-0.18932035565376282,0.15273314714431763,-0.19291438162326813,-0.054868582636117935,0.058134868741035461,0.062037155032157898,0.10775928199291229,0.25694316625595093,0.35574579238891602,0.46987128257751465,0.31201618909835815,0.12797181308269501
0.047405306249856949,0.010818205773830414,0.37802678346633911,-0.54846495389938354,0.022617733106017113,0.066680334508419037,0.1573522686958313,0.3343646228313446,-0.04009237140417099,-0.069739028811454773,0.097364895045757294,-0.099265649914741516,0.27914535999298096,0.023872612044215202,-0.021445143967866898,-0.85241478681564331,0.017640082165598869,-0.0034067919477820396,-0.090628467500209808,0.36226743459701538,-0.0047098845243453979,-0.017359290271997452,-0.076514512300491333,-0.1298423558473587,-0.30838322639465332,-0.14359590411186218,0.70913958549499512,0.18845714628696442,-0.091100685298442841,-0.1642487496137619,0.20289646089076996,-0.052548941224813461,0.013586567714810371,0.044355031102895737,-0.016760008409619331,-0.30391666293144226,0.11772929131984711,0.0086630834266543388,0.18591782450675964,0.11674162745475769,0.0062841093167662621,-0.016659034416079521,0.37232154607772827,-0.38097596168518066,-0.19839577376842499,-0.10736274719238281,-0.21591205894947052,-0.037566013634204865,0.0066241007298231125,0.010728773660957813,0.86083519458770752,-0.85315060615539551,0.024358682334423065,-0.14872127771377563,0.21257717907428741,0.18634414672851562
0.16804374754428864,0.031003093346953392,-0.3193347156047821,0.56760954856872559,-0.096287950873374939,0.37412542104721069,-0.19334961473941803,0.31101685762405396,0.059413779526948929,0.24049891531467438,1.7762531042098999,0.39051768183708191,0.75241851806640625,0.36726611852645874,0.25534451007843018,-0.33972334861755371,0.087399370968341827,-0.04527730867266655,-0.10108945518732071,-0.58690643310546875,0.31509196758270264,-0.12789320945739746,0.057743057608604431,0.15411935746669769,-0.26335039734840393,0.17667965590953827,-1.0707905292510986,0.27095285058021545,-0.21517945826053619,0.10315495729446411,0.31630310416221619,-0.22625146806240082,0.075060427188873291,0.10210376232862473,-1.1264076232910156,-0.8445618748664856,0.49398159980773926,0.25670221447944641,0.024158023297786713,0.25057438015937805,-0.030214330181479454,0.1107773631811142,0.36272084712982178,-0.76736998558044434,0.038773339241743088,0.22053682804107666,-0.010292691178619862,0.36691167950630188,-0.072783246636390686,-0.082578808069229126,1.3288900852203369,1.0151684284210205,-0.89935433864593506,-0.5927545428276062,-0.045031789690256119,-0.15520718693733215
0.034876290708780289,0.086036898195743561,0.12986005842685699,0.13522180914878845,0.071991078555583954,-0.025666618719696999,0.083303950726985931,0.14005433022975922,0.070680081844329834,0.053145073354244232,1.0873323678970337,2.3418025970458984,0.44727849960327148,-0.85971349477767944,0.23681846261024475,-1.2840572595596313,-0.030471399426460266,-0.028288522735238075,-0.004818156361579895,-0.037007898092269897,-0.0035250450018793344,0.091839171946048737,-0.079107142984867096,-0.0024273423478007317,-0.078368194401264191,0.6051594614982605,0.43010628223419189,-0.46575108170509338,0.17280210554599762,0.20965175330638885,0.14862257242202759,-0.40050521492958069,0.047296199947595596,0.00020622997544705868,0.069280438125133514,0.60859888792037964,0.23472154140472412,-0.16613483428955078,0.23406967520713806,0.11461218446493149,0.045658942312002182,0.0400824174284935,0.15146304666996002,-0.29758784174919128,-0.054995577782392502,0.39182776212692261,0.087813645601272583,0.18049491941928864,0.057900551706552505,0.084101282060146332,0.43760186433792114,0.53944569826126099,0.14593400061130524,0.024560250341892242,0.15461340546607971,0.2337922602891922
0.017501248046755791,0.026860294863581657,-0.26777788996696472,-0.10034160315990448,-0.040044810622930527,-0.045377932488918304,0.065758779644966125,0.21249181032180786,0.021524256095290184,-0.10282117128372192,2.3249151706695557,-0.47436836361885071,0.63449400663375854,0.34861704707145691,0.56604653596878052,-1.0368621349334717,-0.0001776933204382658,-0.02730264700949192,0.11222362518310547,0.076085574924945831,-0.024068325757980347,0.036278396844863892,-0.22474581003189087,0.10709544271230698,0.035276204347610474,-0.10807550698518753,0.48889279365539551,-0.19485701620578766,0.11137131601572037,0.14106041193008423,0.43470165133476257,0.022626027464866638,0.028865640982985497,0.086470134556293488,1.304521918296814,-0.66273212432861328,0.47125235199928284,0.28948351740837097,0.30690655112266541,0.14635072648525238,-0.0078813862055540085,0.010097462683916092,-1.5352414846420288,-0.011295177042484283,-0.54050076007843018,-0.19573943316936493,-0.43435218930244446,-0.058334633708000183,0.13182477653026581,0.044812779873609543,1.2408689260482788,-0.249715656042099,0.87597161531448364,0.095248498022556305,0.56671059131622314,0.092649713158607483
0.019078407436609268,0.057745639234781265,-0.048222184181213379,0.09050431102514267,0.10058115422725677,-0.094645030796527863,0.032191287726163864,0.074434466660022736,0.021175872534513474,-0.21206603944301605,0.31965172290802002,2.0395112037658691,0.26918056607246399,-1.3777029514312744,-0.064846418797969818,-1.5865854024887085,-0.030200297012925148,0.033356994390487671,0.047247007489204407,-0.22001913189888,-0.013205608353018761,0.069306410849094391,-0.16902860999107361,0.056299250572919846,0.052359424531459808,0.35806247591972351,0.0048483051359653473,0.050832666456699371,0.19535376131534576,0.17403401434421539,0.43270441889762878,-0.41444280743598938,0.0060788760893046856,-0.080006532371044159,0.20531758666038513,0.44449722766876221,-0.007500943262130022,-0.53488028049468994,0.13316000998020172,0.064240366220474243,-0.00067709083668887615,0.022300973534584045,-0.081500276923179626,-0.57214158773422241,0.0091959796845912933,0.38314533233642578,-0.0042139212600886822,-0.063646331429481506,0.066641710698604584,0.077459312975406647,-0.38728111982345581,0.58865255117416382,0.2477988600730896,-0.31207352876663208,0.14337478578090668,0.13435888290405273
0.010019605979323387,-0.041157573461532593,0.3349912166595459,-0.086178407073020935,-0.078508175909519196,-0.13178336620330811,0.05845978856086731,0.15458087623119354,0.049396462738513947,-0.20034781098365784,0.039877813309431076,-1.595203161239624,0.27599766850471497,0.30184412002563477,0.19055205583572388,-1.1022191047668457,-0.0031135799363255501,-0.019666630774736404,-0.25899598002433777,0.006450112909078598,0.064171262085437775,0.082706369459629059,-0.033836763352155685,0.043865181505680084,0.005453095305711031,-0.20752851665019989,0.26451444625854492,1.0937644243240356,0.026609987020492554,-0.40232357382774353,0.52231460809707642,-0.3865877091884613,0.054855853319168091,0.059273354709148407,-0.19520321488380432,-0.25053346157073975,0.22040414810180664,0.28924685716629028,0.12969474494457245,0.17276497185230255,0.025016328319907188,0.0074435342103242874,0.28637057542800903,-0.13219098746776581,-0.0088408654555678368,0.22083176672458649,-0.16317704319953918,-0.018635744228959084,0.028602741658687592,0.0032527009025216103,0.52891296148300171,0.23255026340484619,-0.09430260956287384,0.018419761210680008,0.12927959859371185,0.091815583407878876
0.033322975039482117,-0.34346297383308411,0.80496907234191895,-7.110476016998291,-0.046009942889213562,-0.3908313512802124,0.17320661246776581,0.15635295212268829,0.57511472702026367,-2.2883434295654297,-3.1402797698974609,-63.403717041015625,0.86369633674621582,6.382810115814209,1.2773667573928833,0.58428949117660522,0.047963481396436691,-1.4307172298431396,-0.14545050263404846,2.0725510120391846,0.0053220628760755062,0.073058880865573883,-0.12983967363834381,-0.010832006111741066,-0.38773331046104431,-19.082769393920898,0.75526618957519531,21.53117561340332,-0.15207304060459137,-10.505784034729004,-0.41470703482627869,-0.41966366767883301,0.067599982023239136,1.1246862411499023,0.29288351535797119,-18.886726379394531,0.23135226964950562,-0.91963160037994385,0.955513596534729,-0.42958575487136841,0.12340313941240311,-0.53531152009963989,-0.28954231739044189,4.4670271873474121,0.037137944251298904,-4.4715418815612793,0.26932269334793091,-0.72619545459747314,0.12636987864971161,1.1559047698974609,1.3411061763763428,-23.094524383544922,0.31826686859130859,-2.4335107803344727,0.85964089632034302,-0.69044417142868042
0.071070283651351929,-0.015683410689234734,-0.1576543003320694,-0.46671274304389954,0.24648889899253845,-0.25689852237701416,0.26430091261863708,-0.035722967237234116,-0.005723969079554081,0.097358673810958862,-0.12295122444629669,0.46988493204116821,-0.26790574193000793,-0.15508373081684113,-0.052543215453624725,-0.57983797788619995,-0.04018392413854599,0.055773898959159851,0.045960426330566406,0.058921277523040771,-0.012425797991454601,0.1434931606054306,-0.20769800245761871,0.013846640475094318,0.041512336581945419,0.067321039736270905,-0.99464613199234009,0.43625655770301819,0.43998581171035767,-0.30122953653335571,0.82500153779983521,-0.59495580196380615,-0.10902879387140274,-0.058990679681301117,0.92207801342010498,0.071145601570606232,-0.55534607172012329,-0.30285120010375977,-0.075797826051712036,0.1618364006280899,0.12996257841587067,-0.068395011126995087,-1.07149338722229,-0.24472665786743164,0.65112632513046265,0.089360363781452179,0.19760966300964355,-0.31395518779754639,0.18542103469371796,0.052887018769979477,-2.1594417095184326,-0.58392351865768433,0.60559725761413574,-0.14269933104515076,0.54226237535476685,-0.3118269145488739
0.034837488085031509,0.040722217410802841,-0.05524851381778717,0.19834096729755402,0.015132897533476353,-0.0079677468165755272,0.041515994817018509,0.19614210724830627,0.1295856386423111,0.27710649371147156,3.1187653541564941,0.22398784756660461,0.31904050707817078,0.13690489530563354,0.31419923901557922,-0.50137317180633545,-0.013778858818113804,-0.021727379411458969,0.028684783726930618,-0.12776722013950348,0.001320461044088006,0.050115063786506653,-0.18507921695709229,0.057538848370313644,-0.17285585403442383,0.14018738269805908,0.81520557403564453,-0.34645891189575195,0.34548753499984741,0.039298869669437408,0.27382341027259827,-0.11520300060510635,0.074555344879627228,0.073344305157661438,0.10569917410612106,-0.2737964391708374,0.58801883459091187,0.021084155887365341,0.23523406684398651,0.17514923214912415,0.03919663280248642,0.019514519721269608,-0.034712169319391251,-0.087777912616729736,-0.32309859991073608,-0.16204498708248138,-0.29939842224121094,0.016573356464505196,0.040575388818979263,0.028662778437137604,1.6397520303726196,-0.2251398116350174,0.21521888673305511,-0.09872717410326004,0.39583355188369751,0.19443146884441376
-0.42336493730545044,-0.23309601843357086,-1.7591080665588379,0.047549702227115631,-2.3398644924163818,-4.1431617736816406,-0.71861350536346436,-0.34733191132545471,1.8360493183135986,0.30945533514022827,-18.771549224853516,-0.9071384072303772,6.2150073051452637,1.5566874742507935,2.0528430938720703,1.2143731117248535,0.0092971967533230782,-0.04033849760890007,1.4127898216247559,-0.59457403421401978,1.2207839488983154,2.5158793926239014,0.29059827327728271,-0.0018475865945219994,-1.1514025926589966,-0.15023985505104065,-0.070657283067703247,-1.2888542413711548,0.52044785022735596,-0.64896559715270996,-0.016407012939453125,-0.080715887248516083,0.12949562072753906,-0.16703604161739349,0.70161408185958862,1.6784977912902832,1.2992696762084961,0.19139944016933441,0.22596645355224609,-0.0022921678610146046,0.174672931432724,-0.022217543795704842,2.6826941967010498,2.6814525127410889,0.692577064037323,0.97101074457168579,0.28683796525001526,0.14351645112037659,0.19172897934913635,0.14176495373249054,6.1729722023010254,-0.83632141351699829,-0.87915372848510742,2.7429378032684326,-0.13578377664089203,0.19683995842933655
-0.021581372246146202,0.0053654350340366364,0.072724714875221252,-0.15524283051490784,-0.10197246074676514,0.054643578827381134,-0.31086862087249756,0.036455951631069183,-0.071358725428581238,-0.19198241829872131,-0.45789873600006104,0.57142627239227295,0.29428035020828247,-0.30531367659568787,1.0065761804580688,0.02400851808488369,0.037717662751674652,0.058899428695440292,0.06464618444442749,-0.01866464875638485,0.011143024079501629,0.067159175872802734,0.052901003509759903,0.015619345940649509,0.15766918659210205,-0.40311747789382935,0.052231118083000183,-0.19917650520801544,0.070712856948375702,-0.68868571519851685,0.14166875183582306,-0.65912258625030518,-0.021111384034156799,-0.041442431509494781,0.037889648228883743,-0.24217668175697327,-0.099591359496116638,0.056566294282674789,-0.1659562736749649,-0.042946033179759979,0.0086393840610980988,0.0068768211640417576,-0.050696130841970444,-0.16996833682060242,0.050877321511507034,0.11000688374042511,-0.11170556396245956,0.087658986449241638,-0.0051795155741274357,0.03415476530790329,-0.33161014318466187,0.21565485000610352,0.11525261402130127,-0.075567170977592468,0.089494220912456512,-0.03953121230006218
0.025824416428804398,0.11995641142129898,0.35599815845489502,0.2652721107006073,0.050635073333978653,0.25562739372253418,0.11427785456180573,0.25284671783447266,0.10884249210357666,-0.16131928563117981,-2.3438918590545654,-0.62000495195388794,-0.8110089898109436,-0.52075278759002686,-0.16054396331310272,-0.92451280355453491,0.026475697755813599,-0.14138297736644745,-0.39876332879066467,-0.16953113675117493,-0.092381477355957031,0.1404663473367691,-0.1418539434671402,0.13014161586761475,0.065083764493465424,-0.34734225273132324,-0.16986292600631714,0.49728962779045105,-0.10389884561300278,-0.2988077700138092,0.27444422245025635,-0.070029690861701965,0.041535802185535431,0.056803330779075623,1.1428494453430176,-0.22410000860691071,0.44818815588951111,0.11610511690378189,0.23346954584121704,0.16388286650180817,-0.034698545932769775,0.030170651152729988,-1.548276424407959,0.0055030491203069687,-0.61997443437576294,0.040835514664649963,-0.41100361943244934,0.17504027485847473,0.12460045516490936,0.11473959684371948,1.5322773456573486,0.52488929033279419,0.72340410947799683,-0.19779671728610992,0.51057380437850952,0.11135467141866684
0.15315268933773041,-0.034254580736160278,0.23107782006263733,0.68710857629776001,0.03788372129201889,0.1855357438325882,-0.036327611654996872,0.16134943068027496,0.41385743021965027,0.24233527481555939,-3.4195353984832764,1.0613363981246948,0.15681867301464081,-0.41050747036933899,-0.64527058601379395,-0.44693449139595032,-0.1453230082988739,-0.30697628855705261,0.23643212020397186,-0.11775130033493042,-0.00053591618780046701,0.095236100256443024,-0.0024005137383937836,0.067189201712608337,-0.64949911832809448,-1.1114463806152344,0.42131149768829346,0.06887468695640564,0.039346817880868912,0.13892045617103577,0.11313823610544205,0.35995581746101379,0.03840705007314682,0.16316491365432739,0.36916399002075195,1.2503796815872192,0.31449463963508606,0.23759664595127106,0.12501539289951324,0.14599946141242981,0.11221503466367722,0.09084794670343399,-0.22567164897918701,0.098605185747146606,-0.058524243533611298,0.46818241477012634,-0.053726810961961746,0.35582834482192993,0.111114501953125,0.072577357292175293,1.9085040092468262,2.2378637790679932,0.050252988934516907,0.56968885660171509,0.1725170761346817,0.24506860971450806
0.1250532865524292,-0.042710401117801666,0.85500729084014893,0.58525115251541138,-0.10940608382225037,0.032752323895692825,0.17564652860164642,0.11535707116127014,-0.043485168367624283,0.034966204315423965,-1.0658286809921265,-0.19818794727325439,-0.15500588715076447,-0.18341952562332153,-0.083974562585353851,-0.72277843952178955,0.1470818817615509,-0.040126416832208633,-0.10094509273767471,-0.2203422337770462,-0.0068534230813384056,-0.068674132227897644,-0.10908839851617813,0.00067819032119587064,-0.3522135317325592,-0.70310115814208984,0.47356551885604858,0.056712649762630463,-0.23543019592761993,-0.82484966516494751,0.30052587389945984,-0.029742319136857986,0.022924177348613739,0.027819236740469933,-0.016577979549765587,0.007262389175593853,0.13531617820262909,0.10029412806034088,0.079703152179718018,0.18349245190620422,0.070106454193592072,0.038485776633024216,0.10377699881792068,-0.29486313462257385,0.013618568889796734,0.25415608286857605,-0.020740829408168793,0.19889640808105469,0.12024421244859695,-0.0036185006611049175,1.3599097728729248,0.71140080690383911,-0.15319305658340454,-0.0052153123542666435,0.20395323634147644,0.075935967266559601
0.15723696351051331,-0.0041023162193596363,1.152021050453186,-0.077528476715087891,-0.27284383773803711,-0.11872042715549469,-0.042095117270946503,0.090237610042095184,-0.10451775789260864,0.056775584816932678,-3.667255163192749,-0.98671334981918335,0.57158416509628296,0.52572888135910034,0.33059084415435791,-0.4504358172416687,0.070093363523483276,0.037028398364782333,-0.028225289657711983,0.037076804786920547,0.07525596022605896,0.079407460987567902,0.051995296031236649,-0.097182042896747589,-1.0529152154922485,-0.12061517685651779,0.095675408840179443,0.15022012591362,-0.18893821537494659,-0.12404878437519073,0.39779430627822876,-0.18311874568462372,-0.017113169655203819,0.073120869696140289,-0.42649054527282715,-0.84100353717803955,-0.20681683719158173,0.20458780229091644,0.077407918870449066,0.12662109732627869,0.028671521693468094,-0.004196634516119957,0.42693272233009338,-0.30370509624481201,0.31841167807579041,-0.12202876806259155,0.0049030845984816551,-0.047640349715948105,0.10324721783399582,-0.055101111531257629,0.48813238739967346,-0.41709166765213013,-0.41970318555831909,-0.1267683207988739,0.087230049073696136,-0.050992950797080994
-0.23251397907733917,-0.081218801438808441,-5.8938312530517578,1.616364598274231,-2.2715001106262207,1.80375075340271,-0.3546275794506073,0.24336947500705719,1.3595086336135864,-0.47050905227661133,2.0445375442504883,1.0283520221710205,3.2868475914001465,-0.27460432052612305,-0.55391490459442139,0.44443711638450623,0.12912660837173462,-0.37786346673965454,2.2072300910949707,-0.42242598533630371,0.86975514888763428,-0.909046471118927,-0.041908320039510727,0.14629028737545013,-0.40922996401786804,-0.87028175592422485,-0.2345515638589859,-0.15929022431373596,-0.9525991678237915,-1.6261554956436157,-0.10116700828075409,0.19038295745849609,0.20433422923088074,-0.017179869115352631,1.9855096340179443,-0.207866370677948,1.0994167327880859,-0.1503538191318512,0.22073008120059967,0.063115820288658142,0.21818433701992035,0.0075426939874887466,2.6380236148834229,-0.82343286275863647,0.83020281791687012,-0.84826546907424927,0.079014800488948822,0.19470274448394775,0.20013438165187836,0.1075877770781517,3.2278816699981689,-1.298914909362793,0.69768762588500977,-0.6776847243309021,0.19620634615421295,0.078402802348136902
0.13545903563499451,-0.0050710658542811871,2.2025330066680908,-1.5867162942886353,0.42999038100242615,1.3702646493911743,0.015269207768142223,0.0063639259897172451,3.2662363052368164,-0.57493400573730469,-10.437127113342285,-3.8346295356750488,2.6227545738220215,-0.32783541083335876,0.68912583589553833,1.7755851745605469,-0.093171671032905579,0.093416623771190643,-0.47509688138961792,1.0880897045135498,-0.32831856608390808,-0.70511144399642944,0.023737091571092606,-0.11966726183891296,-1.0157128572463989,-0.070548646152019501,-0.90669393539428711,1.4625643491744995,0.27038809657096863,-0.68967056274414062,0.44938424229621887,-0.14168019592761993,0.22659444808959961,-0.1118471696972847,-0.78113943338394165,-0.92910206317901611,0.62153273820877075,-0.77599900960922241,0.41148540377616882,0.098167598247528076,0.25894114375114441,0.016611337661743164,-1.2204102277755737,0.36770981550216675,0.19450893998146057,-0.35504192113876343,0.08945947140455246,0.24795104563236237,0.23422497510910034,-0.0076522575691342354,4.00396728515625,-1.7503170967102051,-0.27257823944091797,-0.71623867750167847,0.094575785100460052,-0.15848490595817566
0.0037670724559575319,-0.0081044277176260948,0.77778500318527222,0.075358271598815918,-0.1300017386674881,0.1854674220085144,-0.21643801033496857,-0.093958981335163116,0.012077394872903824,-0.086672209203243256,-4.9261069297790527,-0.23997735977172852,0.55469918251037598,0.10921122133731842,0.51358687877655029,-0.60494095087051392,0.06853177398443222,-0.0048974468372762203,-0.35514593124389648,0.00069714710116386414,0.04378073662519455,-0.072949089109897614,-0.0071327569894492626,0.066864937543869019,-0.56820803880691528,0.17981182038784027,-0.52100098133087158,0.42635864019393921,-0.32814258337020874,-0.48446151614189148,0.38462996482849121,-0.35612493753433228,0.099867671728134155,-0.00013058778131380677,-1.4024890661239624,0.17623782157897949,0.50568610429763794,0.20117220282554626,0.3502802848815918,-0.0048868590965867043,-0.068246662616729736,-0.016222050413489342,0.48440861701965332,-0.078313067555427551,-0.26102814078330994,0.03376571461558342,0.010088142938911915,0.13657853007316589,-0.097201071679592133,0.0059629767201840878,2.7217607498168945,-0.16360026597976685,-0.94901734590530396,0.036369260400533676,-0.20051595568656921,0.067516155540943146
0.06434941291809082,-0.025227416306734085,0.19205541908740997,0.11057624220848083,-0.080942340195178986,0.12423466145992279,-0.0073440056294202805,0.15784524381160736,-0.21243400871753693,-0.35732349753379822,-2.1072430610656738,-1.4062085151672363,0.068840943276882172,0.87559390068054199,-0.67589455842971802,-0.45420432090759277,0.084073483943939209,-0.059972956776618958,0.28556674718856812,0.001130866352468729,-0.03144068643450737,-0.072509758174419403,-0.070684164762496948,0.06603667140007019,0.048778805881738663,-0.42695403099060059,0.54563158750534058,0.024547316133975983,-0.10280095040798187,-0.21081951260566711,0.30478936433792114,0.0054590757936239243,0.016616296023130417,0.14716070890426636,0.52061522006988525,-0.1715509295463562,0.03127824142575264,0.20325243473052979,0.11305210739374161,0.075476057827472687,-0.0022996594198048115,-0.019175201654434204,-0.010117903351783752,0.64832884073257446,-0.085846059024333954,-0.48156067728996277,-0.22473244369029999,-0.032967362552881241,0.056646920740604401,0.047724395990371704,0.51161247491836548,-0.949310302734375,0.21254366636276245,0.35022264719009399,0.29628267884254456,0.097386643290519714
-0.37561783194541931,1.9174882173538208,5.9501538276672363,-1.0181951522827148,1.4427809715270996,4.7469849586486816,-0.57594925165176392,-0.75689399242401123,2.7894270420074463,3.9147458076477051,-1.9049844741821289,5.4157209396362305,-1.1376430988311768,-2.8382773399353027,-0.59846550226211548,-0.90048480033874512,-1.3155841827392578,-1.1556401252746582,-3.1768929958343506,0.31312856078147888,-0.64393925666809082,-3.3029489517211914,0.36027342081069946,0.95288962125778198,-0.10115198791027069,0.19054286181926727,1.413550853729248,-0.70524007081985474,1.6099134683609009,0.76593959331512451,0.4319477379322052,0.64901095628738403,-0.03594648465514183,0.30971288681030273,-1.7806396484375,-0.65238189697265625,0.026919489726424217,1.1050281524658203,-0.10864187031984329,0.12519361078739166,-0.38510772585868835,-0.13258709013462067,-0.73186105489730835,-3.1227848529815674,0.52267003059387207,-0.80581730604171753,0.018169432878494263,-0.012739265337586403,0.053569231182336807,0.28479251265525818,-2.6383042335510254,-0.10960014909505844,-0.79154831171035767,-3.0645492076873779,-0.016092175617814064,-0.33565083146095276
0.0243191197514534,0.050347767770290375,-1.8819328546524048,-0.25983452796936035,0.403421550989151,-0.22198514640331268,0.10878172516822815,0.21457839012145996,0.7266419529914856,-0.40043723583221436,4.6049942970275879,0.95470041036605835,-0.075729995965957642,0.6948820948600769,-0.15509940683841705,-0.28509509563446045,-0.39900442957878113,0.13714033365249634,0.4254608154296875,0.041883066296577454,0.1880529373884201,0.6319345235824585,-0.13498197495937347,0.055923972278833389,0.39844286441802979,0.069153234362602234,-1.5973968505859375,-0.59299558401107788,0.89182907342910767,-1.1907137632369995,0.093785114586353302,0.028524488210678101,-0.011800168082118034,-0.048028741031885147,0.035132408142089844,0.035088770091533661,-0.18607833981513977,-0.011424185708165169,0.01102020125836134,0.026606133207678795,0.18784812092781067,-0.0031902655027806759,0.53935772180557251,0.22469180822372437,0.077014319598674774,0.22366739809513092,0.10217195749282837,0.02079818956553936,0.18150515854358673,0.11133113503456116,-2.7168450355529785,-0.11546850949525833,0.21546810865402222,0.44884556531906128,0.064381569623947144,0.20667825639247894
0.13825634121894836,-0.05158798024058342,0.221763014793396,0.29013556241989136,-0.039784960448741913,-0.36513155698776245,0.11358192563056946,0.31230816245079041,-0.11135288327932358,0.34616082906723022,0.038770586252212524,2.5168702602386475,-0.083127342164516449,-0.90195691585540771,-0.11541248112916946,-0.91660583019256592,0.082495830953121185,0.069011636078357697,-0.14698030054569244,-0.19551478326320648,0.021634820848703384,-0.05713488906621933,-0.063121072947978973,-0.065501570701599121,-0.41709312796592712,-0.49191489815711975,0.017302056774497032,-0.15834124386310577,0.24744026362895966,0.88892638683319092,0.31222021579742432,-0.014221962541341782,-0.0091215874999761581,0.066391482949256897,-0.021801471710205078,0.67926257848739624,-0.022254019975662231,-0.31473651528358459,0.0034913441631942987,0.084532342851161957,0.053467601537704468,0.038417112082242966,0.18822287023067474,-0.76363098621368408,0.098513364791870117,0.064726807177066803,0.1718536764383316,0.14178162813186646,0.094802707433700562,0.016989829018712044,0.29902055859565735,0.66224777698516846,-0.061847668141126633,-0.30552434921264648,0.11431141942739487,0.18353122472763062
0.070828728377819061,-0.10107116401195526,-0.56597435474395752,-0.068591967225074768,-0.59323269128799438,-0.13935242593288422,0.17326353490352631,0.26576554775238037,0.85343402624130249,-0.075872421264648438,4.0961785316467285,-2.5536649227142334,3.7632956504821777,-0.46153989434242249,0.57871609926223755,-0.14748518168926239,0.30854082107543945,-0.22923862934112549,-0.4934612512588501,0.28618016839027405,-1.0111848115921021,-0.66976743936538696,-0.12973389029502869,0.23078428208827972,-1.4506160020828247,-0.5858420729637146,-0.75769370794296265,0.63739967346191406,-0.22899040579795837,1.4589382410049438,-0.075211800634860992,0.22353878617286682,0.042885087430477142,0.031135132536292076,-0.62054765224456787,0.64449924230575562,0.094090640544891357,-0.13418994843959808,-0.10987705737352371,0.054839104413986206,0.11685562133789062,-0.0097275217995047569,1.3090238571166992,1.0852057933807373,-0.044043026864528656,-0.17446230351924896,0.11923201382160187,0.17846903204917908,0.18808825314044952,0.077015936374664307,-0.87166357040405273,-0.82716822624206543,0.1448366791009903,0.35683327913284302,-0.27510568499565125,0.39228588342666626
0.05820745974779129,0.0080538475885987282,0.46694919466972351,0.93550091981887817,-0.15247589349746704,0.0057230321690440178,0.12781177461147308,-0.083553269505500793,0.4770815372467041,-1.0954018831253052,0.44429370760917664,-1.9673415422439575,0.10089081525802612,0.38296335935592651,0.105701744556427,-0.18374091386795044,-0.059557694941759109,-0.0146245202049613,-0.1418367475271225,0.059468641877174377,0.04023786261677742,0.12088584899902344,-0.17456714808940887,0.086844697594642639,-0.16929225623607635,-3.2582926750183105,-0.28688868880271912,0.44464412331581116,0.26508364081382751,-0.70588701963424683,0.43720966577529907,-0.3158193826675415,0.022323707118630409,0.10545980185270309,-0.47828879952430725,-0.69310623407363892,0.33685600757598877,0.22241950035095215,0.075743287801742554,0.22429867088794708,0.072600409388542175,0.11332716792821884,-0.33232280611991882,-0.41050839424133301,0.25927883386611938,0.15575799345970154,-0.034066949039697647,0.22322334349155426,0.024367105215787888,0.0152316028252244,0.74489110708236694,0.5372474193572998,-0.38742321729660034,-0.23598538339138031,0.16391202807426453,-0.30211520195007324
-0.14003044366836548,0.37322083115577698,-0.86740821599960327,-0.10741764307022095,0.32923933863639832,-0.067836776375770569,-0.18320518732070923,0.007600673008710146,0.28672116994857788,0.22477589547634125,0.76381498575210571,0.66708362102508545,0.063654772937297821,-0.6558685302734375,-0.37339162826538086,-0.55188232660293579,0.029184786602854729,0.05346805602312088,0.4089776873588562,0.095699861645698547,-0.042660083621740341,0.12072837352752686,-0.030162615701556206,-0.015437309630215168,-0.97646892070770264,0.33222466707229614,0.035460125654935837,-0.3549751341342926,-0.24372291564941406,0.10647527873516083,-0.002777760149911046,-0.086772516369819641,0.053856730461120605,0.091095678508281708,-0.50109618902206421,0.61043983697891235,0.3123873770236969,-0.19041460752487183,0.22088155150413513,-0.10609135031700134,-0.04307098314166069,-0.041422940790653229,1.1580349206924438,0.42893967032432556,-0.080135978758335114,-0.086901634931564331,0.10559304803609848,0.093635581433773041,0.017507763579487801,0.079598359763622284,0.79751497507095337,-0.60495185852050781,-0.20760148763656616,0.35481065511703491,-0.083373010158538818,0.33465650677680969
0.088235259056091309,-0.064484283328056335,0.58085596561431885,0.60388994216918945,0.058432497084140778,-0.25562292337417603,0.055010773241519928,0.095947958528995514,0.55197256803512573,0.15070830285549164,-0.49519893527030945,-0.21940687298774719,0.40426528453826904,0.29577890038490295,0.35973533987998962,-0.69225412607192993,-0.073742829263210297,-0.010364854708313942,-0.21380424499511719,-0.12365911155939102,-0.075902827084064484,0.22304190695285797,-0.18530206382274628,0.28807350993156433,-0.13513082265853882,0.48669728636741638,0.46549949049949646,0.11349064111709595,-0.061661351472139359,0.54515808820724487,0.10024437308311462,0.22154395282268524,0.066673889756202698,-0.0038112136535346508,-0.41457366943359375,0.11096245050430298,0.23352192342281342,0.083590209484100342,0.1969781368970871,0.048727340996265411,0.054743379354476929,0.015923762694001198,0.25338488817214966,0.12399613112211227,-0.095187976956367493,0.10666557401418686,-0.038480069488286972,0.15751516819000244,0.032139793038368225,0.042106185108423233,1.1268693208694458,0.14401006698608398,-0.17919594049453735,0.0070570753887295723,-0.061192933470010757,0.20717546343803406
-0.0068423296324908733,0.02664986252784729,0.076598316431045532,-0.79914224147796631,0.16788497567176819,0.13736584782600403,-0.086952716112136841,0.19446371495723724,0.20951458811759949,0.14955514669418335,2.2417235374450684,-0.096250586211681366,0.31781193614006042,0.55682551860809326,0.3270067572593689,-0.61135756969451904,-0.019177060574293137,0.09405556321144104,-0.35411831736564636,0.11389289796352386,-0.11574531346559525,0.3168049156665802,-0.31427305936813354,0.42883318662643433,0.0060596498660743237,0.11268471926450729,-0.2552693784236908,0.76296865940093994,0.011528056114912033,0.072242632508277893,0.18564021587371826,0.53119683265686035,0.026644878089427948,-0.024799112230539322,-0.67392534017562866,-0.60594797134399414,-0.050249569118022919,0.33310166001319885,-0.07527654618024826,0.12802435457706451,0.016858598217368126,0.043641351163387299,0.82172375917434692,-0.42525255680084229,0.11245290189981461,0.59576332569122314,-0.047351863235235214,0.16300222277641296,0.045770507305860519,-0.014167275279760361,-0.26769581437110901,0.77951514720916748,-0.41707327961921692,-0.086677618324756622,0.12510417401790619,0.23361201584339142
-0.14704237878322601,0.072513982653617859,-0.055401988327503204,-0.15062208473682404,0.052339024841785431,0.019692692905664444,0.0010705525055527687,0.27240985631942749,0.54827588796615601,-0.20773473381996155,-0.020498998463153839,-0.24555820226669312,0.125764399766922,1.2504557371139526,-0.089229866862297058,-0.012355536222457886,0.079387784004211426,0.037095345556735992,0.012644762173295021,0.2323429137468338,-0.0800589919090271,0.69362443685531616,-0.17021933197975159,0.15339168906211853,-1.4452571868896484,-0.75818443298339844,-0.060736812651157379,-0.070545591413974762,-0.2429959774017334,-2.6493940353393555,0.29224923253059387,-0.31146892905235291,-0.0162823386490345,-0.1630396693944931,-0.54461336135864258,0.76250863075256348,0.21065540611743927,0.77298569679260254,0.047152340412139893,0.056268263608217239,-0.072419196367263794,0.010602241382002831,0.59764915704727173,0.74438250064849854,0.045538041740655899,0.66422975063323975,-0.046386852860450745,0.10783778876066208,0.057713013142347336,0.13748405873775482,0.093316435813903809,0.43440699577331543,-0.40237274765968323,0.87233269214630127,0.10490404814481735,0.11811863631010056
0.13925535976886749,0.16921666264533997,0.87402808666229248,1.9547442197799683,-0.15202027559280396,1.5067386627197266,0.077058762311935425,0.39916899800300598,0.77297604084014893,0.020761551335453987,1.7874244451522827,1.1747180223464966,2.5038175582885742,-0.080142229795455933,1.7655571699142456,-0.95576357841491699,-0.10934203863143921,-0.074262544512748718,-0.4020443856716156,-0.57087540626525879,0.018010806292295456,-0.40718024969100952,-0.20072518289089203,0.097311124205589294,0.15803709626197815,0.4344971776008606,0.56005489826202393,-0.91262340545654297,-0.11400504410266876,-0.97648131847381592,0.62402951717376709,-0.65445989370346069,0.0508304163813591,0.015864226967096329,-0.60675370693206787,0.37880578637123108,0.064034819602966309,0.10545174777507782,0.027410995215177536,0.18767917156219482,0.069328837096691132,0.028067423030734062,0.35366237163543701,-0.21424262225627899,0.23580817878246307,0.27178329229354858,0.17082881927490234,0.14910832047462463,0.061287704855203629,0.053577631711959839,-0.10866714268922806,1.0776823759078979,-0.45064118504524231,0.070967145264148712,-0.11257317662239075,0.1768021285533905
0.15142197906970978,0.051856774836778641,0.71360290050506592,-1.3278460502624512,0.18278078734874725,-0.19085890054702759,-0.097036935389041901,0.2179805189371109,0.059174783527851105,0.064055182039737701,-0.068114012479782104,1.7977452278137207,0.97214889526367188,-0.17026117444038391,0.22780773043632507,-0.040298264473676682,0.20567481219768524,0.080897122621536255,-0.11771466583013535,0.33559080958366394,0.61666744947433472,0.3295651376247406,-0.28128105401992798,0.42797777056694031,-0.5076172947883606,0.054565679281949997,0.66216748952865601,-0.3564218282699585,0.20418651401996613,0.69535458087921143,0.3118990957736969,0.18163937330245972,-0.077820762991905212,-0.037947967648506165,0.31921234726905823,-0.053716946393251419,-0.11296232044696808,0.25628763437271118,-0.059390746057033539,0.052282556891441345,0.05490393191576004,-0.017390714958310127,-0.36336132884025574,-0.15412150323390961,0.25383546948432922,0.11181163042783737,-0.091826185584068298,-0.074156314134597778,0.13137458264827728,0.072060167789459229,-0.32986176013946533,-0.0016054622828960419,-0.031779568642377853,0.067454539239406586,0.30165809392929077,-0.015142989344894886
-0.13006378710269928,0.15955920517444611,0.17027607560157776,-0.50339525938034058,-0.1278214305639267,0.14811797440052032,-0.12341269105672836,0.26041430234909058,-0.11846132576465607,-0.57709485292434692,-0.42647480964660645,0.84129798412322998,-0.23518329858779907,-0.32355454564094543,-0.42095008492469788,-0.32146209478378296,0.02827884629368782,-0.10825156420469284,0.05810672789812088,-0.028524784371256828,-0.085298836231231689,-0.053258862346410751,-0.016679199412465096,0.054742254316806793,0.87357997894287109,-1.4393978118896484,0.41372090578079224,0.72146010398864746,-0.098215565085411072,-1.7327131032943726,-0.015223115682601929,-0.15088850259780884,0.012072978541254997,-0.040139693766832352,0.096812866628170013,0.5470159649848938,0.029581822454929352,-0.27378091216087341,0.14326049387454987,-0.0044459998607635498,0.069956004619598389,-0.024731852114200592,0.17776988446712494,-0.094325900077819824,0.010885536670684814,0.071742869913578033,0.021973319351673126,0.053229406476020813,-0.05511942133307457,0.14764003455638885,-0.27374526858329773,-0.6425926685333252,-0.029904412105679512,-0.068626172840595245,-0.03735070675611496,0.0069566988386213779
0.1280006468296051,-0.0022880146279931068,1.4194557666778564,-0.30550333857536316,-0.7942500114440918,0.014619562774896622,-0.073448352515697479,0.22314245998859406,0.72411119937896729,0.24712739884853363,-17.061012268066406,-0.1310528963804245,3.7766754627227783,0.50863105058670044,1.6939032077789307,0.080355823040008545,-0.12369886040687561,0.012971870601177216,0.91974276304244995,0.17222116887569427,0.41104471683502197,0.00906336959451437,-0.013850686140358448,0.062031541019678116,-1.6163825988769531,-0.054065268486738205,-0.28629952669143677,-0.24886372685432434,-0.15869362652301788,-0.044899184256792068,0.34053918719291687,-0.31311884522438049,-0.18016523122787476,0.079764001071453094,0.21405142545700073,-1.046517014503479,0.42023125290870667,0.081163443624973297,0.20204123854637146,0.081553980708122253,-0.079255290329456329,0.0054699936881661415,-0.6497807502746582,-0.57938355207443237,-0.096278756856918335,-0.28176981210708618,-0.1937669962644577,-0.10040313005447388,0.14344780147075653,-0.050558477640151978,2.3026762008666992,-0.49689170718193054,-0.36622866988182068,-0.24936464428901672,0.12981432676315308,-0.075530640780925751
-0.019922919571399689,-0.038113459944725037,1.1077733039855957,0.91551762819290161,-0.17102989554405212,-0.014801206067204475,-0.1319802850484848,0.067797482013702393,0.24686869978904724,0.16222763061523438,-3.7458398342132568,0.30762723088264465,0.81484377384185791,-0.0016401042230427265,0.45936852693557739,-0.073031961917877197,-0.047425348311662674,0.094845734536647797,-0.32066306471824646,0.014268700033426285,0.038570992648601532,-0.085010126233100891,-0.035250119864940643,0.070386983454227448,-0.7731398344039917,0.33308634161949158,-0.54033619165420532,-0.17423303425312042,0.26318812370300293,-0.24463161826133728,0.36292988061904907,-0.083221741020679474,0.059388857334852219,0.018727799877524376,-1.0000969171524048,0.68073558807373047,0.34924489259719849,-0.15775534510612488,0.26859620213508606,0.25409668684005737,0.096277728676795959,0.063055060803890228,-0.86908864974975586,0.048514589667320251,0.1424223780632019,0.27470126748085022,0.11801804602146149,0.26553225517272949,-0.052621372044086456,-0.049611277878284454,2.9703669548034668,1.0240156650543213,-0.39756730198860168,-0.29152819514274597,-0.14307749271392822,-0.039109617471694946
-0.16168022155761719,0.05142907053232193,-1.3655167818069458,-0.2088296115398407,0.42302200198173523,0.11652743816375732,0.13500183820724487,0.30810001492500305,-0.55476605892181396,-0.28020069003105164,3.800072193145752,-0.27384313941001892,-2.2587521076202393,-1.0201771259307861,-0.22941422462463379,-0.58608549833297729,0.0092039201408624649,0.032809037715196609,0.28830635547637939,-0.07658638060092926,-0.54968219995498657,-0.062818273901939392,-0.052748456597328186,-0.064172111451625824,2.2111454010009766,0.81069111824035645,-0.52567386627197266,0.57736110687255859,0.39232134819030762,1.3102680444717407,0.28595668077468872,-0.29567435383796692,0.012428279034793377,-0.019838070496916771,1.045711874961853,1.1149601936340332,-0.44231915473937988,-0.32218080759048462,0.10450281947851181,-0.027253301814198494,0.1916922926902771,-0.079088702797889709,-0.039795156568288803,0.72722107172012329,0.068607054650783539,-0.40734922885894775,0.27117747068405151,-0.093563929200172424,0.079153910279273987,0.088651709258556366,-2.1757469177246094,-1.5863471031188965,0.91689801216125488,0.20525892078876495,0.25410380959510803,0.36826783418655396
0.031188709661364555,0.55293315649032593,-0.63117700815200806,-0.79778492450714111,0.13046304881572723,0.99201798439025879,0.2050575464963913,0.19165931642055511,0.67229604721069336,-1.58506178855896,0.94358086585998535,-12.932870864868164,0.83561468124389648,0.018176257610321045,0.17287303507328033,-0.18817870318889618,-0.077248476445674896,-0.064688421785831451,0.053118489682674408,-0.17217634618282318,-0.058712352067232132,-0.1064482182264328,-0.12875421345233917,0.052521191537380219,0.23673558235168457,-6.1333742141723633,-0.78764253854751587,4.9724364280700684,0.061099406331777573,-9.8019094467163086,-0.067818768322467804,-0.10165814310312271,0.047447826713323593,0.29697468876838684,-0.28831374645233154,-3.0051701068878174,-0.051301177591085434,1.0984210968017578,0.15036085247993469,0.14429470896720886,0.12252101302146912,-0.24321906268596649,0.87034386396408081,1.7585039138793945,0.44113200902938843,-0.89162421226501465,0.026637237519025803,-0.021441999822854996,0.07481568306684494,0.46372038125991821,-1.43461012840271,-2.6429450511932373,0.051429547369480133,1.2318450212478638,0.21221601963043213,0.14896877110004425
0.18115527927875519,-0.071995370090007782,0.071842275559902191,0.24286331236362457,0.10938815027475357,0.83516770601272583,-0.21430803835391998,0.050989672541618347,1.5939252376556396,-0.19022676348686218,-1.1668978929519653,0.78631860017776489,-0.37022283673286438,1.7088991403579712,-0.6780887246131897,-0.31736767292022705,-0.094282388687133789,-0.094717614352703094,0.014560248702764511,-0.12320704758167267,-0.0914192795753479,-0.3218001127243042,0.064048804342746735,0.0012723987456411123,0.55155366659164429,0.94382250308990479,0.30636638402938843,-0.25418981909751892,0.1068672314286232,-0.59281206130981445,0.1022576168179512,-0.37453246116638184,0.065201699733734131,-0.048078045248985291,0.21594974398612976,0.25304913520812988,-0.050585877150297165,0.13732488453388214,0.029738845303654671,0.0070678838528692722,0.23318883776664734,-0.04529368132352829,0.28116649389266968,-0.024050978943705559,-0.20559069514274597,-0.26635140180587769,-0.029065275564789772,-0.0064486213959753513,0.099335193634033203,0.02866382896900177,-0.15121117234230042,-0.36443501710891724,0.049272261559963226,-0.53166109323501587,0.073307275772094727,0.017552871257066727
0.033717688173055649,0.18278267979621887,-0.29987040162086487,-0.89954149723052979,0.24651741981506348,0.58446335792541504,-0.29531949758529663,0.57285416126251221,0.094953425228595734,-0.013896921649575233,0.99437350034713745,0.79134207963943481,-0.62039017677307129,-0.041237834841012955,-0.16481561958789825,0.23754183948040009,0.015259449370205402,0.026225253939628601,0.052274726331233978,0.2206144779920578,-0.062997244298458099,-0.15930850803852081,0.035453692078590393,0.083961524069309235,0.30365017056465149,0.0071348268538713455,0.02912609651684761,-0.033492837101221085,0.02271399088203907,-0.14132793247699738,0.3771483302116394,-0.26092767715454102,0.012442479841411114,0.005254797637462616,-0.029635205864906311,0.066795080900192261,0.0056943385861814022,0.10746429115533829,0.0057535325177013874,0.042370390146970749,0.0094374986365437508,0.0049451747909188271,0.22576922178268433,-0.10239675641059875,-0.08487287163734436,-0.074886128306388855,-0.0084629049524664879,0.097231298685073853,-0.0078068161383271217,0.0037978142499923706,-0.0949077308177948,-0.37205106019973755,-0.012304785661399364,-0.11209738999605179,0.032523047178983688,0.03019973449409008
-0.078447595238685608,-0.16642403602600098,0.19237938523292542,-0.023756325244903564,0.28321084380149841,-0.36559993028640747,-0.017449585720896721,-0.13440129160881042,-0.15821266174316406,-0.16656343638896942,3.6758947372436523,2.3253381252288818,0.51592487096786499,-0.60006552934646606,0.12466268986463547,-0.83920019865036011,0.14891248941421509,0.027256200090050697,0.29786974191665649,0.13699129223823547,-0.18352049589157104,0.1047690138220787,-0.070783063769340515,0.062172677367925644,0.56987816095352173,-0.037333637475967407,0.83877599239349365,-0.63116133213043213,-0.49537596106529236,-0.21480138599872589,0.36104601621627808,-0.14654305577278137,0.0857715904712677,-0.081882894039154053,0.066273950040340424,1.3891160488128662,-0.22390848398208618,-0.14703099429607391,0.10204840451478958,-0.0037788648623973131,-0.10471778362989426,-0.002215186133980751,-0.30225944519042969,0.17140893638134003,-0.92637592554092407,0.36577779054641724,-0.18679392337799072,0.12090674787759781,0.029145969077944756,0.10141080617904663,1.0619466304779053,0.2573503851890564,0.43401467800140381,0.60518831014633179,0.12970806658267975,0.26979243755340576
-0.052413050085306168,-0.03821093961596489,0.28327736258506775,-0.51835840940475464,-0.063137553632259369,0.066829793155193329,0.0037625976838171482,0.1094539538025856,-0.0034340096171945333,0.27034774422645569,-0.088298708200454712,0.29841464757919312,-0.39410305023193359,0.090557493269443512,0.37300273776054382,-0.28183364868164062,0.032208297401666641,0.018736414611339569,-0.13575302064418793,0.12251309305429459,-0.0049348636530339718,-0.050997931510210037,-0.19733303785324097,0.15135480463504791,0.10569144040346146,0.54245752096176147,0.2804490327835083,-0.12080611288547516,0.18588441610336304,0.84711158275604248,0.16458624601364136,-0.04889991506934166,0.023219950497150421,0.07025851309299469,-0.076251357793807983,-0.27542147040367126,0.06330958753824234,0.0340120829641819,0.25849089026451111,0.037966132164001465,0.053582269698381424,0.0063292495906352997,0.028136545792222023,0.032981075346469879,0.076398395001888275,-0.15876153111457825,-0.0088424086570739746,0.042873255908489227,-0.014693994075059891,-0.0028950320556759834,0.61171793937683105,-0.48536038398742676,-0.030406471341848373,0.046742461621761322,0.12398304790258408,-0.0092238085344433784
0.13645341992378235,0.10370549559593201,1.2939876317977905,0.47984862327575684,-0.25501781702041626,0.48943853378295898,0.076551251113414764,0.13587327301502228,0.19200004637241364,-0.01469552144408226,-2.2263519763946533,0.055558327585458755,1.8388538360595703,0.26008176803588867,0.54335922002792358,0.23120860755443573,-0.091264963150024414,-0.11133625358343124,0.32723137736320496,-0.37894254922866821,-0.22376547753810883,0.10365147888660431,-0.179886594414711,-0.043233945965766907,-0.66591459512710571,-1.7490608692169189,1.2682414054870605,0.3140944242477417,-0.17278613150119781,0.25236675143241882,-0.009799138642847538,-0.24833500385284424,-0.037877120077610016,0.10086429119110107,0.25729173421859741,-0.69564050436019897,-0.38832131028175354,-0.071719199419021606,-0.014002997428178787,0.094166375696659088,0.034827388823032379,0.048890382051467896,0.089375391602516174,-0.63066387176513672,0.1002172976732254,-0.21190707385540009,0.013802273198962212,0.1371406763792038,0.16698244214057922,0.069434657692909241,0.19024200737476349,-0.76428073644638062,0.26447632908821106,-0.24433454871177673,0.15243390202522278,-0.099100947380065918
-0.64857131242752075,-1.4704548120498657,0.33766809105873108,7.1875052452087402,0.22484062612056732,-2.2859609127044678,-0.47298133373260498,-0.17181438207626343,-0.086894333362579346,-2.6106452941894531,-5.5497617721557617,0.75932925939559937,8.8878984451293945,0.14687889814376831,-1.0949019193649292,-0.12432260811328888,0.84774768352508545,-0.3450777530670166,-0.60766518115997314,-2.6481392383575439,0.70668143033981323,1.0573298931121826,-0.59475994110107422,0.41690579056739807,0.41606232523918152,-1.2636228799819946,0.86955118179321289,-0.90269225835800171,-0.76589632034301758,0.3928600549697876,-0.7706838846206665,0.21125216782093048,-0.066022366285324097,-0.1533624678850174,0.4579504132270813,0.68702077865600586,-1.0727286338806152,-1.842639684677124,-0.14435607194900513,-0.15444928407669067,0.070255987346172333,-0.12645252048969269,0.39353787899017334,0.24036617577075958,-1.2518079280853271,-1.7006587982177734,-0.10182937979698181,-0.11676695942878723,0.082253627479076385,0.13752591609954834,-0.87367099523544312,-2.2087869644165039,0.97426450252532959,0.12843883037567139,0.27072176337242126,0.09330199658870697
